caldt,spindx
3/1/2000,1455.22
4/1/2000,1399.42
5/1/2000,1402.11
6/1/2000,1403.45
7/1/2000,1441.47
10/1/2000,1457.6
11/1/2000,1438.56
12/1/2000,1432.25
13/01/2000,1449.68
14/01/2000,1465.15
18/01/2000,1455.14
19/01/2000,1455.9
20/01/2000,1445.57
21/01/2000,1441.36
24/01/2000,1401.53
25/01/2000,1410.03
26/01/2000,1404.09
27/01/2000,1398.56
28/01/2000,1360.16
31/01/2000,1394.46
1/2/2000,1409.28
2/2/2000,1409.12
3/2/2000,1424.97
4/2/2000,1424.37
7/2/2000,1424.24
8/2/2000,1441.72
9/2/2000,1411.7
10/2/2000,1416.83
11/2/2000,1387.12
14/02/2000,1389.94
15/02/2000,1402.05
16/02/2000,1387.67
17/02/2000,1388.26
18/02/2000,1346.09
22/02/2000,1352.17
23/02/2000,1360.69
24/02/2000,1353.43
25/02/2000,1333.36
28/02/2000,1348.05
29/02/2000,1366.42
1/3/2000,1379.19
2/3/2000,1381.76
3/3/2000,1409.17
6/3/2000,1391.28
7/3/2000,1355.62
8/3/2000,1366.7
9/3/2000,1401.69
10/3/2000,1395.07
13/03/2000,1383.62
14/03/2000,1359.15
15/03/2000,1392.15
16/03/2000,1458.47
17/03/2000,1464.47
20/03/2000,1456.63
21/03/2000,1493.87
22/03/2000,1500.64
23/03/2000,1527.35
24/03/2000,1527.46
27/03/2000,1523.86
28/03/2000,1507.73
29/03/2000,1508.52
30/03/2000,1487.92
31/03/2000,1498.58
3/4/2000,1505.97
4/4/2000,1494.73
5/4/2000,1487.37
6/4/2000,1501.34
7/4/2000,1516.35
10/4/2000,1504.46
11/4/2000,1500.59
12/4/2000,1467.17
13/04/2000,1440.51
14/04/2000,1356.56
17/04/2000,1401.44
18/04/2000,1441.61
19/04/2000,1427.47
20/04/2000,1434.54
24/04/2000,1429.86
25/04/2000,1477.44
26/04/2000,1460.99
27/04/2000,1464.92
28/04/2000,1452.43
1/5/2000,1468.25
2/5/2000,1446.29
3/5/2000,1415.1
4/5/2000,1409.57
5/5/2000,1432.63
8/5/2000,1424.17
9/5/2000,1412.14
10/5/2000,1383.05
11/5/2000,1407.81
12/5/2000,1420.96
15/05/2000,1452.36
16/05/2000,1466.04
17/05/2000,1447.8
18/05/2000,1437.21
19/05/2000,1406.95
22/05/2000,1400.72
23/05/2000,1373.86
24/05/2000,1399.05
25/05/2000,1381.52
26/05/2000,1378.02
30/05/2000,1422.45
31/05/2000,1420.6
1/6/2000,1448.81
2/6/2000,1477.26
5/6/2000,1467.63
6/6/2000,1457.84
7/6/2000,1471.36
8/6/2000,1461.67
9/6/2000,1456.95
12/6/2000,1446
13/06/2000,1469.44
14/06/2000,1470.54
15/06/2000,1478.73
16/06/2000,1464.46
19/06/2000,1486
20/06/2000,1475.95
21/06/2000,1479.13
22/06/2000,1452.18
23/06/2000,1441.48
26/06/2000,1455.31
27/06/2000,1450.55
28/06/2000,1454.82
29/06/2000,1442.39
30/06/2000,1454.6
3/7/2000,1469.54
5/7/2000,1446.23
6/7/2000,1456.67
7/7/2000,1478.9
10/7/2000,1475.62
11/7/2000,1480.88
12/7/2000,1492.92
13/07/2000,1495.84
14/07/2000,1509.98
17/07/2000,1510.49
18/07/2000,1493.74
19/07/2000,1481.96
20/07/2000,1495.57
21/07/2000,1480.19
24/07/2000,1464.29
25/07/2000,1474.47
26/07/2000,1452.42
27/07/2000,1449.62
28/07/2000,1419.89
31/07/2000,1430.83
1/8/2000,1438.1
2/8/2000,1438.7
3/8/2000,1452.56
4/8/2000,1462.93
7/8/2000,1479.32
8/8/2000,1482.8
9/8/2000,1472.87
10/8/2000,1460.25
11/8/2000,1471.84
14/08/2000,1491.56
15/08/2000,1484.43
16/08/2000,1479.85
17/08/2000,1496.07
18/08/2000,1491.72
21/08/2000,1499.48
22/08/2000,1498.13
23/08/2000,1505.97
24/08/2000,1508.31
25/08/2000,1506.45
28/08/2000,1514.09
29/08/2000,1509.84
30/08/2000,1502.59
31/08/2000,1517.68
1/9/2000,1520.77
5/9/2000,1507.08
6/9/2000,1492.25
7/9/2000,1502.51
8/9/2000,1494.5
11/9/2000,1489.26
12/9/2000,1481.99
13/09/2000,1484.91
14/09/2000,1480.87
15/09/2000,1465.81
18/09/2000,1444.51
19/09/2000,1459.9
20/09/2000,1451.34
21/09/2000,1449.05
22/09/2000,1448.72
25/09/2000,1439.03
26/09/2000,1427.21
27/09/2000,1426.57
28/09/2000,1458.29
29/09/2000,1436.51
2/10/2000,1436.23
3/10/2000,1426.46
4/10/2000,1434.32
5/10/2000,1436.28
6/10/2000,1408.99
9/10/2000,1402.03
10/10/2000,1387.02
11/10/2000,1364.59
12/10/2000,1329.78
13/10/2000,1374.17
16/10/2000,1374.62
17/10/2000,1349.97
18/10/2000,1342.13
19/10/2000,1388.76
20/10/2000,1396.93
23/10/2000,1395.78
24/10/2000,1398.13
25/10/2000,1364.9
26/10/2000,1364.44
27/10/2000,1379.58
30/10/2000,1398.66
31/10/2000,1429.4
1/11/2000,1421.22
2/11/2000,1428.32
3/11/2000,1426.69
6/11/2000,1432.19
7/11/2000,1431.87
8/11/2000,1409.28
9/11/2000,1400.14
10/11/2000,1365.98
13/11/2000,1351.26
14/11/2000,1382.95
15/11/2000,1389.81
16/11/2000,1372.32
17/11/2000,1367.72
20/11/2000,1342.62
21/11/2000,1347.35
22/11/2000,1322.36
24/11/2000,1341.77
27/11/2000,1348.97
28/11/2000,1336.09
29/11/2000,1341.93
30/11/2000,1314.95
1/12/2000,1315.23
4/12/2000,1324.97
5/12/2000,1376.54
6/12/2000,1351.46
7/12/2000,1343.55
8/12/2000,1369.89
11/12/2000,1380.2
12/12/2000,1371.18
13/12/2000,1359.99
14/12/2000,1340.93
15/12/2000,1312.15
18/12/2000,1322.74
19/12/2000,1305.6
20/12/2000,1264.74
21/12/2000,1274.86
22/12/2000,1305.97
26/12/2000,1315.19
27/12/2000,1328.92
28/12/2000,1334.22
29/12/2000,1320.28
2/1/2001,1283.27
3/1/2001,1347.56
4/1/2001,1333.34
5/1/2001,1298.35
8/1/2001,1295.86
9/1/2001,1300.8
10/1/2001,1313.27
11/1/2001,1326.82
12/1/2001,1318.32
16/01/2001,1326.65
17/01/2001,1329.47
18/01/2001,1347.97
19/01/2001,1342.54
22/01/2001,1342.9
23/01/2001,1360.4
24/01/2001,1364.3
25/01/2001,1357.51
26/01/2001,1354.95
29/01/2001,1364.17
30/01/2001,1373.73
31/01/2001,1366.01
1/2/2001,1373.47
2/2/2001,1349.47
5/2/2001,1354.31
6/2/2001,1352.26
7/2/2001,1340.89
8/2/2001,1332.53
9/2/2001,1314.76
12/2/2001,1330.31
13/02/2001,1318.8
14/02/2001,1315.92
15/02/2001,1326.61
16/02/2001,1301.53
20/02/2001,1278.94
21/02/2001,1255.27
22/02/2001,1252.82
23/02/2001,1245.86
26/02/2001,1267.65
27/02/2001,1257.94
28/02/2001,1239.94
1/3/2001,1241.23
2/3/2001,1234.18
5/3/2001,1241.41
6/3/2001,1253.8
7/3/2001,1261.89
8/3/2001,1264.74
9/3/2001,1233.42
12/3/2001,1180.16
13/03/2001,1197.66
14/03/2001,1166.71
15/03/2001,1173.56
16/03/2001,1150.53
19/03/2001,1170.81
20/03/2001,1142.62
21/03/2001,1122.14
22/03/2001,1117.58
23/03/2001,1139.83
26/03/2001,1152.69
27/03/2001,1182.17
28/03/2001,1153.29
29/03/2001,1147.95
30/03/2001,1160.33
2/4/2001,1145.87
3/4/2001,1106.46
4/4/2001,1103.25
5/4/2001,1151.44
6/4/2001,1128.43
9/4/2001,1137.59
10/4/2001,1168.38
11/4/2001,1165.89
12/4/2001,1183.5
16/04/2001,1179.68
17/04/2001,1191.81
18/04/2001,1238.16
19/04/2001,1253.7
20/04/2001,1242.98
23/04/2001,1224.36
24/04/2001,1209.47
25/04/2001,1228.75
26/04/2001,1234.52
27/04/2001,1253.05
30/04/2001,1249.46
1/5/2001,1266.44
2/5/2001,1267.43
3/5/2001,1248.58
4/5/2001,1266.61
7/5/2001,1263.51
8/5/2001,1261.2
9/5/2001,1255.54
10/5/2001,1255.18
11/5/2001,1245.67
14/05/2001,1248.92
15/05/2001,1249.44
16/05/2001,1284.99
17/05/2001,1288.49
18/05/2001,1291.96
21/05/2001,1312.83
22/05/2001,1309.38
23/05/2001,1289.05
24/05/2001,1293.17
25/05/2001,1277.89
29/05/2001,1267.93
30/05/2001,1248.08
31/05/2001,1255.82
1/6/2001,1260.67
4/6/2001,1267.11
5/6/2001,1283.57
6/6/2001,1270.03
7/6/2001,1276.96
8/6/2001,1264.96
11/6/2001,1254.39
12/6/2001,1255.85
13/06/2001,1241.6
14/06/2001,1219.87
15/06/2001,1214.36
18/06/2001,1208.43
19/06/2001,1212.58
20/06/2001,1223.14
21/06/2001,1237.04
22/06/2001,1225.35
25/06/2001,1218.6
26/06/2001,1216.76
27/06/2001,1211.07
28/06/2001,1226.2
29/06/2001,1224.42
2/7/2001,1236.71
3/7/2001,1234.45
5/7/2001,1219.24
6/7/2001,1190.59
9/7/2001,1198.78
10/7/2001,1181.52
11/7/2001,1180.18
12/7/2001,1208.14
13/07/2001,1215.68
16/07/2001,1202.45
17/07/2001,1214.44
18/07/2001,1207.71
19/07/2001,1215.02
20/07/2001,1210.85
23/07/2001,1191.03
24/07/2001,1171.65
25/07/2001,1190.49
26/07/2001,1202.93
27/07/2001,1205.82
30/07/2001,1204.52
31/07/2001,1211.23
1/8/2001,1215.93
2/8/2001,1220.75
3/8/2001,1214.35
6/8/2001,1200.48
7/8/2001,1204.4
8/8/2001,1183.53
9/8/2001,1183.43
10/8/2001,1190.16
13/08/2001,1191.29
14/08/2001,1186.73
15/08/2001,1178.02
16/08/2001,1181.66
17/08/2001,1161.97
20/08/2001,1171.41
21/08/2001,1157.26
22/08/2001,1165.31
23/08/2001,1162.09
24/08/2001,1184.93
27/08/2001,1179.21
28/08/2001,1161.51
29/08/2001,1148.6
30/08/2001,1129.03
31/08/2001,1133.58
4/9/2001,1132.94
5/9/2001,1131.74
6/9/2001,1106.4
7/9/2001,1085.78
10/9/2001,1092.54
17/09/2001,1038.77
18/09/2001,1032.74
19/09/2001,1016.1
20/09/2001,984.54
21/09/2001,965.8
24/09/2001,1003.45
25/09/2001,1012.27
26/09/2001,1007.04
27/09/2001,1018.61
28/09/2001,1040.94
1/10/2001,1038.55
2/10/2001,1051.33
3/10/2001,1072.28
4/10/2001,1069.63
5/10/2001,1071.38
8/10/2001,1062.44
9/10/2001,1056.75
10/10/2001,1080.99
11/10/2001,1097.43
12/10/2001,1091.65
15/10/2001,1089.98
16/10/2001,1097.54
17/10/2001,1077.09
18/10/2001,1068.61
19/10/2001,1073.48
22/10/2001,1089.9
23/10/2001,1084.78
24/10/2001,1085.2
25/10/2001,1100.09
26/10/2001,1104.61
29/10/2001,1078.3
30/10/2001,1059.79
31/10/2001,1059.78
1/11/2001,1084.1
2/11/2001,1087.2
5/11/2001,1102.84
6/11/2001,1118.86
7/11/2001,1115.8
8/11/2001,1118.54
9/11/2001,1120.31
12/11/2001,1118.33
13/11/2001,1139.09
14/11/2001,1141.21
15/11/2001,1142.24
16/11/2001,1138.65
19/11/2001,1151.06
20/11/2001,1142.66
21/11/2001,1137.03
23/11/2001,1150.34
26/11/2001,1157.42
27/11/2001,1149.5
28/11/2001,1128.52
29/11/2001,1140.2
30/11/2001,1139.45
3/12/2001,1129.9
4/12/2001,1144.8
5/12/2001,1170.35
6/12/2001,1167.1
7/12/2001,1158.31
10/12/2001,1139.93
11/12/2001,1136.76
12/12/2001,1137.07
13/12/2001,1119.38
14/12/2001,1123.09
17/12/2001,1134.36
18/12/2001,1142.92
19/12/2001,1149.56
20/12/2001,1139.93
21/12/2001,1144.89
24/12/2001,1144.65
26/12/2001,1149.37
27/12/2001,1157.13
28/12/2001,1161.02
31/12/2001,1148.08
2/1/2002,1154.67
3/1/2002,1165.27
4/1/2002,1172.51
7/1/2002,1164.89
8/1/2002,1160.71
9/1/2002,1155.14
10/1/2002,1156.55
11/1/2002,1145.6
14/01/2002,1138.41
15/01/2002,1146.19
16/01/2002,1127.57
17/01/2002,1138.88
18/01/2002,1127.58
22/01/2002,1119.31
23/01/2002,1128.18
24/01/2002,1132.15
25/01/2002,1133.28
28/01/2002,1133.06
29/01/2002,1100.64
30/01/2002,1113.57
31/01/2002,1130.2
1/2/2002,1122.2
4/2/2002,1094.44
5/2/2002,1090.02
6/2/2002,1083.51
7/2/2002,1080.17
8/2/2002,1096.22
11/2/2002,1111.94
12/2/2002,1107.5
13/02/2002,1118.51
14/02/2002,1116.48
15/02/2002,1104.18
19/02/2002,1083.34
20/02/2002,1097.98
21/02/2002,1080.95
22/02/2002,1089.84
25/02/2002,1109.43
26/02/2002,1109.38
27/02/2002,1109.89
28/02/2002,1106.73
1/3/2002,1131.78
4/3/2002,1153.84
5/3/2002,1146.14
6/3/2002,1162.77
7/3/2002,1157.54
8/3/2002,1164.31
11/3/2002,1168.26
12/3/2002,1165.58
13/03/2002,1154.09
14/03/2002,1153.04
15/03/2002,1166.16
18/03/2002,1165.55
19/03/2002,1170.29
20/03/2002,1151.85
21/03/2002,1153.59
22/03/2002,1148.7
25/03/2002,1131.87
26/03/2002,1138.49
27/03/2002,1144.58
28/03/2002,1147.39
1/4/2002,1146.54
2/4/2002,1136.76
3/4/2002,1125.4
4/4/2002,1126.34
5/4/2002,1122.73
8/4/2002,1125.29
9/4/2002,1117.8
10/4/2002,1130.47
11/4/2002,1103.69
12/4/2002,1111.01
15/04/2002,1102.55
16/04/2002,1128.37
17/04/2002,1126.07
18/04/2002,1124.47
19/04/2002,1125.17
22/04/2002,1107.83
23/04/2002,1100.96
24/04/2002,1093.14
25/04/2002,1091.48
26/04/2002,1076.32
29/04/2002,1065.45
30/04/2002,1076.92
1/5/2002,1086.46
2/5/2002,1084.56
3/5/2002,1073.43
6/5/2002,1052.67
7/5/2002,1049.49
8/5/2002,1088.85
9/5/2002,1073.01
10/5/2002,1054.99
13/05/2002,1074.56
14/05/2002,1097.28
15/05/2002,1091.07
16/05/2002,1098.23
17/05/2002,1106.59
20/05/2002,1091.88
21/05/2002,1079.88
22/05/2002,1086.02
23/05/2002,1097.08
24/05/2002,1083.82
28/05/2002,1074.55
29/05/2002,1067.66
30/05/2002,1064.66
31/05/2002,1067.14
3/6/2002,1040.68
4/6/2002,1040.69
5/6/2002,1049.9
6/6/2002,1029.15
7/6/2002,1027.53
10/6/2002,1030.74
11/6/2002,1013.6
12/6/2002,1020.26
13/06/2002,1009.56
14/06/2002,1007.27
17/06/2002,1036.17
18/06/2002,1037.14
19/06/2002,1019.99
20/06/2002,1006.29
21/06/2002,989.14
24/06/2002,992.72
25/06/2002,976.14
26/06/2002,973.53
27/06/2002,990.64
28/06/2002,989.81
1/7/2002,968.65
2/7/2002,948.09
3/7/2002,953.99
5/7/2002,989.03
8/7/2002,976.98
9/7/2002,952.83
10/7/2002,920.47
11/7/2002,927.37
12/7/2002,921.39
15/07/2002,917.93
16/07/2002,901.05
17/07/2002,906.04
18/07/2002,881.56
19/07/2002,847.76
22/07/2002,819.85
23/07/2002,797.7
24/07/2002,843.42
25/07/2002,838.68
26/07/2002,852.84
29/07/2002,898.96
30/07/2002,902.78
31/07/2002,911.62
1/8/2002,884.66
2/8/2002,864.24
5/8/2002,834.6
6/8/2002,859.57
7/8/2002,876.77
8/8/2002,905.46
9/8/2002,908.64
12/8/2002,903.8
13/08/2002,884.21
14/08/2002,919.62
15/08/2002,930.25
16/08/2002,928.77
19/08/2002,950.72
20/08/2002,937.43
21/08/2002,949.36
22/08/2002,962.7
23/08/2002,940.86
26/08/2002,947.95
27/08/2002,934.82
28/08/2002,917.87
29/08/2002,917.8
30/08/2002,916.07
3/9/2002,878.02
4/9/2002,893.4
5/9/2002,879.15
6/9/2002,893.92
9/9/2002,902.96
10/9/2002,909.58
11/9/2002,909.45
12/9/2002,886.91
13/09/2002,889.81
16/09/2002,891.1
17/09/2002,873.52
18/09/2002,869.46
19/09/2002,843.32
20/09/2002,845.39
23/09/2002,833.7
24/09/2002,819.29
25/09/2002,839.66
26/09/2002,854.95
27/09/2002,827.37
30/09/2002,815.29
1/10/2002,847.91
2/10/2002,827.91
3/10/2002,818.95
4/10/2002,800.58
7/10/2002,785.28
8/10/2002,798.55
9/10/2002,776.76
10/10/2002,803.92
11/10/2002,835.32
14/10/2002,841.44
15/10/2002,881.27
16/10/2002,860.02
17/10/2002,879.2
18/10/2002,884.39
21/10/2002,899.72
22/10/2002,890.16
23/10/2002,896.14
24/10/2002,882.5
25/10/2002,897.65
28/10/2002,890.23
29/10/2002,882.15
30/10/2002,890.71
31/10/2002,885.76
1/11/2002,900.96
4/11/2002,908.34
5/11/2002,915.39
6/11/2002,923.76
7/11/2002,902.65
8/11/2002,894.74
11/11/2002,876.19
12/11/2002,882.95
13/11/2002,882.53
14/11/2002,904.27
15/11/2002,909.83
18/11/2002,900.36
19/11/2002,896.74
20/11/2002,914.15
21/11/2002,933.76
22/11/2002,930.55
25/11/2002,932.88
26/11/2002,913.31
27/11/2002,938.87
29/11/2002,936.31
2/12/2002,934.53
3/12/2002,920.75
4/12/2002,917.57
5/12/2002,906.55
6/12/2002,912.23
9/12/2002,892
10/12/2002,904.45
11/12/2002,904.96
12/12/2002,901.59
13/12/2002,889.48
16/12/2002,910.4
17/12/2002,902.99
18/12/2002,891.12
19/12/2002,884.25
20/12/2002,895.75
23/12/2002,897.38
24/12/2002,892.47
26/12/2002,889.66
27/12/2002,875.4
30/12/2002,879.39
31/12/2002,879.82
2/1/2003,909.03
3/1/2003,908.59
6/1/2003,929.01
7/1/2003,922.93
8/1/2003,909.93
9/1/2003,927.58
10/1/2003,927.57
13/01/2003,926.26
14/01/2003,931.66
15/01/2003,918.22
16/01/2003,914.6
17/01/2003,901.78
21/01/2003,887.62
22/01/2003,878.36
23/01/2003,887.34
24/01/2003,861.4
27/01/2003,847.48
28/01/2003,858.54
29/01/2003,864.36
30/01/2003,844.61
31/01/2003,855.7
3/2/2003,860.32
4/2/2003,848.2
5/2/2003,843.59
6/2/2003,838.15
7/2/2003,829.69
10/2/2003,835.97
11/2/2003,829.2
12/2/2003,818.68
13/02/2003,817.37
14/02/2003,834.89
18/02/2003,851.17
19/02/2003,845.13
20/02/2003,837.1
21/02/2003,848.17
24/02/2003,832.58
25/02/2003,838.57
26/02/2003,827.55
27/02/2003,837.28
28/02/2003,841.15
3/3/2003,834.81
4/3/2003,821.99
5/3/2003,829.85
6/3/2003,822.1
7/3/2003,828.89
10/3/2003,807.48
11/3/2003,800.73
12/3/2003,804.19
13/03/2003,831.9
14/03/2003,833.27
17/03/2003,862.79
18/03/2003,866.45
19/03/2003,874.02
20/03/2003,875.67
21/03/2003,895.79
24/03/2003,864.23
25/03/2003,874.74
26/03/2003,869.95
27/03/2003,868.52
28/03/2003,863.5
31/03/2003,848.18
1/4/2003,858.48
2/4/2003,880.9
3/4/2003,876.45
4/4/2003,878.85
7/4/2003,879.93
8/4/2003,878.29
9/4/2003,865.99
10/4/2003,871.58
11/4/2003,868.3
14/04/2003,885.23
15/04/2003,890.81
16/04/2003,879.91
17/04/2003,893.58
21/04/2003,892.01
22/04/2003,911.37
23/04/2003,919.02
24/04/2003,911.43
25/04/2003,898.81
28/04/2003,914.84
29/04/2003,917.84
30/04/2003,916.92
1/5/2003,916.3
2/5/2003,930.08
5/5/2003,926.55
6/5/2003,934.39
7/5/2003,929.62
8/5/2003,920.27
9/5/2003,933.41
12/5/2003,945.11
13/05/2003,942.3
14/05/2003,939.28
15/05/2003,946.67
16/05/2003,944.3
19/05/2003,920.77
20/05/2003,919.73
21/05/2003,923.42
22/05/2003,931.87
23/05/2003,933.22
27/05/2003,951.48
28/05/2003,953.22
29/05/2003,949.64
30/05/2003,963.59
2/6/2003,967
3/6/2003,971.56
4/6/2003,986.24
5/6/2003,990.14
6/6/2003,987.76
9/6/2003,975.93
10/6/2003,984.84
11/6/2003,997.48
12/6/2003,998.51
13/06/2003,988.61
16/06/2003,1010.74
17/06/2003,1011.66
18/06/2003,1010.09
19/06/2003,994.7
20/06/2003,995.69
23/06/2003,981.64
24/06/2003,983.44
25/06/2003,975.31
26/06/2003,985.82
27/06/2003,976.22
30/06/2003,974.5
1/7/2003,982.32
2/7/2003,993.76
3/7/2003,985.7
7/7/2003,1004.42
8/7/2003,1007.84
9/7/2003,1002.21
10/7/2003,988.7
11/7/2003,998.14
14/07/2003,1003.86
15/07/2003,1000.42
16/07/2003,994
17/07/2003,981.73
18/07/2003,993.32
21/07/2003,978.8
22/07/2003,988.11
23/07/2003,988.61
24/07/2003,981.6
25/07/2003,998.68
28/07/2003,996.52
29/07/2003,989.28
30/07/2003,987.49
31/07/2003,990.31
1/8/2003,980.15
4/8/2003,982.82
5/8/2003,965.46
6/8/2003,967.08
7/8/2003,974.12
8/8/2003,977.59
11/8/2003,980.59
12/8/2003,990.35
13/08/2003,984.03
14/08/2003,990.51
15/08/2003,990.67
18/08/2003,999.74
19/08/2003,1002.35
20/08/2003,1000.3
21/08/2003,1003.27
22/08/2003,993.06
25/08/2003,993.71
26/08/2003,996.73
27/08/2003,996.79
28/08/2003,1002.84
29/08/2003,1008.01
2/9/2003,1021.99
3/9/2003,1026.27
4/9/2003,1027.97
5/9/2003,1021.39
8/9/2003,1031.64
9/9/2003,1023.17
10/9/2003,1010.92
11/9/2003,1016.42
12/9/2003,1018.63
15/09/2003,1014.81
16/09/2003,1029.32
17/09/2003,1025.97
18/09/2003,1039.58
19/09/2003,1036.3
22/09/2003,1022.82
23/09/2003,1029.03
24/09/2003,1009.38
25/09/2003,1003.27
26/09/2003,996.85
29/09/2003,1006.58
30/09/2003,995.97
1/10/2003,1018.22
2/10/2003,1020.24
3/10/2003,1029.85
6/10/2003,1034.35
7/10/2003,1039.25
8/10/2003,1033.78
9/10/2003,1038.73
10/10/2003,1038.06
13/10/2003,1045.35
14/10/2003,1049.48
15/10/2003,1046.76
16/10/2003,1050.07
17/10/2003,1039.32
20/10/2003,1044.68
21/10/2003,1046.03
22/10/2003,1030.36
23/10/2003,1033.77
24/10/2003,1028.91
27/10/2003,1031.13
28/10/2003,1046.79
29/10/2003,1048.11
30/10/2003,1046.94
31/10/2003,1050.71
3/11/2003,1059.02
4/11/2003,1053.25
5/11/2003,1051.81
6/11/2003,1058.05
7/11/2003,1053.21
10/11/2003,1047.11
11/11/2003,1046.57
12/11/2003,1058.56
13/11/2003,1058.41
14/11/2003,1050.35
17/11/2003,1043.63
18/11/2003,1034.15
19/11/2003,1042.44
20/11/2003,1033.65
21/11/2003,1035.28
24/11/2003,1052.08
25/11/2003,1053.89
26/11/2003,1058.45
28/11/2003,1058.2
1/12/2003,1070.12
2/12/2003,1066.62
3/12/2003,1064.73
4/12/2003,1069.72
5/12/2003,1061.5
8/12/2003,1069.3
9/12/2003,1060.18
10/12/2003,1059.05
11/12/2003,1071.21
12/12/2003,1074.14
15/12/2003,1068.04
16/12/2003,1075.13
17/12/2003,1076.48
18/12/2003,1089.18
19/12/2003,1088.67
22/12/2003,1092.94
23/12/2003,1096.02
24/12/2003,1094.04
26/12/2003,1095.89
29/12/2003,1109.48
30/12/2003,1109.64
31/12/2003,1111.92
2/1/2004,1108.48
5/1/2004,1122.22
6/1/2004,1123.67
7/1/2004,1126.33
8/1/2004,1131.92
9/1/2004,1121.86
12/1/2004,1127.23
13/01/2004,1121.22
14/01/2004,1130.52
15/01/2004,1132.05
16/01/2004,1139.83
20/01/2004,1138.77
21/01/2004,1147.62
22/01/2004,1143.94
23/01/2004,1141.55
26/01/2004,1155.37
27/01/2004,1144.05
28/01/2004,1128.48
29/01/2004,1134.11
30/01/2004,1131.13
2/2/2004,1135.26
3/2/2004,1136.03
4/2/2004,1126.52
5/2/2004,1128.59
6/2/2004,1142.76
9/2/2004,1139.81
10/2/2004,1145.54
11/2/2004,1157.76
12/2/2004,1152.11
13/02/2004,1145.81
17/02/2004,1156.99
18/02/2004,1151.82
19/02/2004,1147.06
20/02/2004,1144.11
23/02/2004,1140.99
24/02/2004,1139.09
25/02/2004,1143.67
26/02/2004,1144.91
27/02/2004,1144.94
1/3/2004,1155.96
2/3/2004,1149.1
3/3/2004,1151.04
4/3/2004,1154.88
5/3/2004,1156.87
8/3/2004,1147.21
9/3/2004,1140.58
10/3/2004,1123.89
11/3/2004,1106.78
12/3/2004,1120.57
15/03/2004,1104.49
16/03/2004,1110.7
17/03/2004,1123.75
18/03/2004,1122.32
19/03/2004,1109.78
22/03/2004,1095.4
23/03/2004,1093.95
24/03/2004,1091.33
25/03/2004,1109.19
26/03/2004,1108.06
29/03/2004,1122.47
30/03/2004,1127
31/03/2004,1126.21
1/4/2004,1132.17
2/4/2004,1141.81
5/4/2004,1150.57
6/4/2004,1148.16
7/4/2004,1140.53
8/4/2004,1139.32
12/4/2004,1145.2
13/04/2004,1129.44
14/04/2004,1128.17
15/04/2004,1128.84
16/04/2004,1134.61
19/04/2004,1135.82
20/04/2004,1118.15
21/04/2004,1124.09
22/04/2004,1139.93
23/04/2004,1140.6
26/04/2004,1135.53
27/04/2004,1138.11
28/04/2004,1122.41
29/04/2004,1113.89
30/04/2004,1107.3
3/5/2004,1117.49
4/5/2004,1119.55
5/5/2004,1121.53
6/5/2004,1113.99
7/5/2004,1098.7
10/5/2004,1087.12
11/5/2004,1095.45
12/5/2004,1097.28
13/05/2004,1096.44
14/05/2004,1095.7
17/05/2004,1084.1
18/05/2004,1091.49
19/05/2004,1088.68
20/05/2004,1089.19
21/05/2004,1093.56
24/05/2004,1095.41
25/05/2004,1113.05
26/05/2004,1114.94
27/05/2004,1121.28
28/05/2004,1120.68
1/6/2004,1121.2
2/6/2004,1124.99
3/6/2004,1116.64
4/6/2004,1122.5
7/6/2004,1140.42
8/6/2004,1142.18
9/6/2004,1131.33
10/6/2004,1136.47
14/06/2004,1125.29
15/06/2004,1132.01
16/06/2004,1133.56
17/06/2004,1132.05
18/06/2004,1135.02
21/06/2004,1130.3
22/06/2004,1134.41
23/06/2004,1144.06
24/06/2004,1140.65
25/06/2004,1134.43
28/06/2004,1133.35
29/06/2004,1136.2
30/06/2004,1140.84
1/7/2004,1128.94
2/7/2004,1125.38
6/7/2004,1116.21
7/7/2004,1118.33
8/7/2004,1109.11
9/7/2004,1112.81
12/7/2004,1114.35
13/07/2004,1115.14
14/07/2004,1111.47
15/07/2004,1106.69
16/07/2004,1101.39
19/07/2004,1100.9
20/07/2004,1108.67
21/07/2004,1093.88
22/07/2004,1096.84
23/07/2004,1086.2
26/07/2004,1084.06
27/07/2004,1094.83
28/07/2004,1095.42
29/07/2004,1100.43
30/07/2004,1101.72
2/8/2004,1106.62
3/8/2004,1099.69
4/8/2004,1098.63
5/8/2004,1080.7
6/8/2004,1063.97
9/8/2004,1065.22
10/8/2004,1079.04
11/8/2004,1075.79
12/8/2004,1063.23
13/08/2004,1064.8
16/08/2004,1079.34
17/08/2004,1081.71
18/08/2004,1095.17
19/08/2004,1091.23
20/08/2004,1098.35
23/08/2004,1095.68
24/08/2004,1096.19
25/08/2004,1104.96
26/08/2004,1105.09
27/08/2004,1107.77
30/08/2004,1099.15
31/08/2004,1104.24
1/9/2004,1105.91
2/9/2004,1118.31
3/9/2004,1113.63
7/9/2004,1121.3
8/9/2004,1116.27
9/9/2004,1118.38
10/9/2004,1123.92
13/09/2004,1125.82
14/09/2004,1128.33
15/09/2004,1120.37
16/09/2004,1123.5
17/09/2004,1128.55
20/09/2004,1122.2
21/09/2004,1129.3
22/09/2004,1113.56
23/09/2004,1108.36
24/09/2004,1110.11
27/09/2004,1103.52
28/09/2004,1110.06
29/09/2004,1114.8
30/09/2004,1114.58
1/10/2004,1131.5
4/10/2004,1135.17
5/10/2004,1134.48
6/10/2004,1142.05
7/10/2004,1130.65
8/10/2004,1122.14
11/10/2004,1124.39
12/10/2004,1121.84
13/10/2004,1113.65
14/10/2004,1103.29
15/10/2004,1108.2
18/10/2004,1114.02
19/10/2004,1103.23
20/10/2004,1103.66
21/10/2004,1106.49
22/10/2004,1095.74
25/10/2004,1094.81
26/10/2004,1111.09
27/10/2004,1125.4
28/10/2004,1127.44
29/10/2004,1130.2
1/11/2004,1130.51
2/11/2004,1130.54
3/11/2004,1143.2
4/11/2004,1161.67
5/11/2004,1166.17
8/11/2004,1164.89
9/11/2004,1164.08
10/11/2004,1162.91
11/11/2004,1173.48
12/11/2004,1184.17
15/11/2004,1183.81
16/11/2004,1175.43
17/11/2004,1181.94
18/11/2004,1183.55
19/11/2004,1170.34
22/11/2004,1177.24
23/11/2004,1176.94
24/11/2004,1181.76
26/11/2004,1182.65
29/11/2004,1178.57
30/11/2004,1173.82
1/12/2004,1191.37
2/12/2004,1190.33
3/12/2004,1191.17
6/12/2004,1190.25
7/12/2004,1177.07
8/12/2004,1182.81
9/12/2004,1189.24
10/12/2004,1188
13/12/2004,1198.68
14/12/2004,1203.38
15/12/2004,1205.72
16/12/2004,1203.21
17/12/2004,1194.22
20/12/2004,1194.65
21/12/2004,1205.45
22/12/2004,1209.57
23/12/2004,1210.13
27/12/2004,1204.92
28/12/2004,1213.54
29/12/2004,1213.45
30/12/2004,1213.55
31/12/2004,1211.92
3/1/2005,1202.08
4/1/2005,1188.05
5/1/2005,1183.74
6/1/2005,1187.89
7/1/2005,1186.19
10/1/2005,1190.25
11/1/2005,1182.99
12/1/2005,1187.7
13/01/2005,1177.45
14/01/2005,1184.52
18/01/2005,1195.98
19/01/2005,1184.63
20/01/2005,1175.41
21/01/2005,1167.87
24/01/2005,1163.75
25/01/2005,1168.41
26/01/2005,1174.07
27/01/2005,1174.55
28/01/2005,1171.36
31/01/2005,1181.27
1/2/2005,1189.41
2/2/2005,1193.19
3/2/2005,1189.89
4/2/2005,1203.03
7/2/2005,1201.72
8/2/2005,1202.3
9/2/2005,1191.99
10/2/2005,1197.01
11/2/2005,1205.3
14/02/2005,1206.14
15/02/2005,1210.12
16/02/2005,1210.34
17/02/2005,1200.75
18/02/2005,1201.59
22/02/2005,1184.16
23/02/2005,1190.8
24/02/2005,1200.2
25/02/2005,1211.37
28/02/2005,1203.6
1/3/2005,1210.41
2/3/2005,1210.08
3/3/2005,1210.47
4/3/2005,1222.12
7/3/2005,1225.31
8/3/2005,1219.43
9/3/2005,1207.01
10/3/2005,1209.25
11/3/2005,1200.08
14/03/2005,1206.83
15/03/2005,1197.75
16/03/2005,1188.07
17/03/2005,1190.21
18/03/2005,1189.65
21/03/2005,1183.78
22/03/2005,1171.71
23/03/2005,1172.53
24/03/2005,1171.42
28/03/2005,1174.28
29/03/2005,1165.36
30/03/2005,1181.41
31/03/2005,1180.59
1/4/2005,1172.92
4/4/2005,1176.12
5/4/2005,1181.39
6/4/2005,1184.07
7/4/2005,1191.14
8/4/2005,1181.2
11/4/2005,1181.21
12/4/2005,1187.76
13/04/2005,1173.79
14/04/2005,1162.05
15/04/2005,1142.62
18/04/2005,1145.98
19/04/2005,1152.78
20/04/2005,1137.5
21/04/2005,1159.95
22/04/2005,1152.12
25/04/2005,1162.1
26/04/2005,1151.74
27/04/2005,1156.38
28/04/2005,1143.22
29/04/2005,1156.85
2/5/2005,1162.16
3/5/2005,1161.17
4/5/2005,1175.65
5/5/2005,1172.63
6/5/2005,1171.35
9/5/2005,1178.84
10/5/2005,1166.22
11/5/2005,1171.11
12/5/2005,1159.36
13/05/2005,1154.05
16/05/2005,1165.69
17/05/2005,1173.8
18/05/2005,1185.56
19/05/2005,1191.08
20/05/2005,1189.28
23/05/2005,1193.86
24/05/2005,1194.07
25/05/2005,1190.01
26/05/2005,1197.62
27/05/2005,1198.78
31/05/2005,1191.5
1/6/2005,1202.27
2/6/2005,1204.29
3/6/2005,1196.02
6/6/2005,1197.51
7/6/2005,1197.26
8/6/2005,1194.67
9/6/2005,1200.93
10/6/2005,1198.11
13/06/2005,1200.82
14/06/2005,1203.91
15/06/2005,1206.58
16/06/2005,1210.96
17/06/2005,1216.96
20/06/2005,1216.1
21/06/2005,1213.61
22/06/2005,1213.88
23/06/2005,1200.73
24/06/2005,1191.57
27/06/2005,1190.69
28/06/2005,1201.57
29/06/2005,1199.85
30/06/2005,1191.33
1/7/2005,1194.44
5/7/2005,1204.99
6/7/2005,1194.94
7/7/2005,1197.87
8/7/2005,1211.86
11/7/2005,1219.44
12/7/2005,1222.21
13/07/2005,1223.29
14/07/2005,1226.5
15/07/2005,1227.92
18/07/2005,1221.13
19/07/2005,1229.35
20/07/2005,1235.2
21/07/2005,1227.04
22/07/2005,1233.68
25/07/2005,1229.03
26/07/2005,1231.16
27/07/2005,1236.79
28/07/2005,1243.72
29/07/2005,1234.18
1/8/2005,1235.35
2/8/2005,1244.12
3/8/2005,1245.04
4/8/2005,1235.86
5/8/2005,1226.42
8/8/2005,1223.13
9/8/2005,1231.38
10/8/2005,1229.13
11/8/2005,1237.81
12/8/2005,1230.39
15/08/2005,1233.87
16/08/2005,1219.34
17/08/2005,1220.24
18/08/2005,1219.02
19/08/2005,1219.71
22/08/2005,1221.73
23/08/2005,1217.57
24/08/2005,1209.59
25/08/2005,1212.39
26/08/2005,1205.1
29/08/2005,1212.28
30/08/2005,1208.41
31/08/2005,1220.33
1/9/2005,1221.59
2/9/2005,1218.02
6/9/2005,1233.39
7/9/2005,1236.36
8/9/2005,1231.67
9/9/2005,1241.48
12/9/2005,1240.56
13/09/2005,1231.2
14/09/2005,1227.16
15/09/2005,1227.73
16/09/2005,1237.91
19/09/2005,1231.02
20/09/2005,1221.34
21/09/2005,1210.2
22/09/2005,1214.62
23/09/2005,1215.29
26/09/2005,1215.63
27/09/2005,1215.66
28/09/2005,1216.89
29/09/2005,1227.68
30/09/2005,1228.81
3/10/2005,1226.7
4/10/2005,1214.47
5/10/2005,1196.39
6/10/2005,1191.49
7/10/2005,1195.9
10/10/2005,1187.33
11/10/2005,1184.87
12/10/2005,1177.68
13/10/2005,1176.84
14/10/2005,1186.57
17/10/2005,1190.1
18/10/2005,1178.14
19/10/2005,1195.76
20/10/2005,1177.8
21/10/2005,1179.59
24/10/2005,1199.38
25/10/2005,1196.54
26/10/2005,1191.38
27/10/2005,1178.9
28/10/2005,1198.41
31/10/2005,1207.01
1/11/2005,1202.76
2/11/2005,1214.76
3/11/2005,1219.94
4/11/2005,1220.14
7/11/2005,1222.81
8/11/2005,1218.59
9/11/2005,1220.65
10/11/2005,1230.96
11/11/2005,1234.72
14/11/2005,1233.76
15/11/2005,1229.01
16/11/2005,1231.21
17/11/2005,1242.8
18/11/2005,1248.27
21/11/2005,1254.85
22/11/2005,1261.23
23/11/2005,1265.61
25/11/2005,1268.25
28/11/2005,1257.46
29/11/2005,1257.48
30/11/2005,1249.48
1/12/2005,1264.67
2/12/2005,1265.08
5/12/2005,1262.09
6/12/2005,1263.7
7/12/2005,1257.37
8/12/2005,1255.84
9/12/2005,1259.37
12/12/2005,1260.43
13/12/2005,1267.43
14/12/2005,1272.74
15/12/2005,1270.94
16/12/2005,1267.32
19/12/2005,1259.92
20/12/2005,1259.62
21/12/2005,1262.79
22/12/2005,1268.12
23/12/2005,1268.66
27/12/2005,1256.54
28/12/2005,1258.17
29/12/2005,1254.42
30/12/2005,1248.29
3/1/2006,1268.8
4/1/2006,1273.46
5/1/2006,1273.48
6/1/2006,1285.45
9/1/2006,1290.15
10/1/2006,1289.69
11/1/2006,1294.18
12/1/2006,1286.06
13/01/2006,1287.61
17/01/2006,1282.93
18/01/2006,1277.93
19/01/2006,1285.04
20/01/2006,1261.49
23/01/2006,1263.82
24/01/2006,1266.86
25/01/2006,1264.68
26/01/2006,1273.83
27/01/2006,1283.72
30/01/2006,1285.2
31/01/2006,1280.08
1/2/2006,1282.46
2/2/2006,1270.84
3/2/2006,1264.03
6/2/2006,1265.02
7/2/2006,1254.78
8/2/2006,1265.65
9/2/2006,1263.78
10/2/2006,1266.99
13/02/2006,1262.86
14/02/2006,1275.53
15/02/2006,1280
16/02/2006,1289.38
17/02/2006,1287.24
21/02/2006,1283.03
22/02/2006,1292.67
23/02/2006,1287.79
24/02/2006,1289.43
27/02/2006,1294.12
28/02/2006,1280.66
1/3/2006,1291.24
2/3/2006,1289.14
3/3/2006,1287.23
6/3/2006,1278.26
7/3/2006,1275.88
8/3/2006,1278.47
9/3/2006,1272.23
10/3/2006,1281.58
13/03/2006,1284.13
14/03/2006,1297.48
15/03/2006,1303.02
16/03/2006,1305.33
17/03/2006,1307.25
20/03/2006,1305.08
21/03/2006,1297.23
22/03/2006,1305.04
23/03/2006,1301.67
24/03/2006,1302.95
27/03/2006,1301.61
28/03/2006,1293.23
29/03/2006,1302.89
30/03/2006,1300.25
31/03/2006,1294.83
3/4/2006,1297.81
4/4/2006,1305.93
5/4/2006,1311.56
6/4/2006,1309.04
7/4/2006,1295.5
10/4/2006,1296.6
11/4/2006,1286.57
12/4/2006,1288.12
13/04/2006,1289.12
17/04/2006,1285.33
18/04/2006,1307.65
19/04/2006,1309.93
20/04/2006,1311.46
21/04/2006,1311.28
24/04/2006,1308.11
25/04/2006,1301.74
26/04/2006,1305.41
27/04/2006,1309.72
28/04/2006,1310.61
1/5/2006,1305.19
2/5/2006,1313.21
3/5/2006,1307.85
4/5/2006,1312.25
5/5/2006,1325.76
8/5/2006,1324.66
9/5/2006,1325.14
10/5/2006,1322.85
11/5/2006,1305.92
12/5/2006,1291.24
15/05/2006,1294.5
16/05/2006,1292.08
17/05/2006,1270.32
18/05/2006,1261.81
19/05/2006,1267.03
22/05/2006,1262.07
23/05/2006,1256.58
24/05/2006,1258.57
25/05/2006,1272.88
26/05/2006,1280.16
30/05/2006,1259.84
31/05/2006,1270.09
1/6/2006,1285.71
2/6/2006,1288.22
5/6/2006,1265.29
6/6/2006,1263.85
7/6/2006,1256.15
8/6/2006,1257.93
9/6/2006,1252.3
12/6/2006,1236.4
13/06/2006,1223.69
14/06/2006,1230.04
15/06/2006,1256.16
16/06/2006,1251.54
19/06/2006,1240.14
20/06/2006,1240.12
21/06/2006,1252.2
22/06/2006,1245.6
23/06/2006,1244.5
26/06/2006,1250.56
27/06/2006,1239.2
28/06/2006,1246
29/06/2006,1272.87
30/06/2006,1270.2
3/7/2006,1280.19
5/7/2006,1270.91
6/7/2006,1274.08
7/7/2006,1265.48
10/7/2006,1267.34
11/7/2006,1272.52
12/7/2006,1258.6
13/07/2006,1242.29
14/07/2006,1236.2
17/07/2006,1234.49
18/07/2006,1236.86
19/07/2006,1259.81
20/07/2006,1249.13
21/07/2006,1240.29
24/07/2006,1260.91
25/07/2006,1268.88
26/07/2006,1268.4
27/07/2006,1263.2
28/07/2006,1278.55
31/07/2006,1276.66
1/8/2006,1270.92
2/8/2006,1278.55
3/8/2006,1280.27
4/8/2006,1279.36
7/8/2006,1275.77
8/8/2006,1271.48
9/8/2006,1265.95
10/8/2006,1271.81
11/8/2006,1266.74
14/08/2006,1268.21
15/08/2006,1285.58
16/08/2006,1295.43
17/08/2006,1297.48
18/08/2006,1302.3
21/08/2006,1297.52
22/08/2006,1298.82
23/08/2006,1292.99
24/08/2006,1296.06
25/08/2006,1295.09
28/08/2006,1301.78
29/08/2006,1304.28
30/08/2006,1304.27
31/08/2006,1303.82
1/9/2006,1311.01
5/9/2006,1313.25
6/9/2006,1300.26
7/9/2006,1294.02
8/9/2006,1298.92
11/9/2006,1299.54
12/9/2006,1313.11
13/09/2006,1318.07
14/09/2006,1316.28
15/09/2006,1319.87
18/09/2006,1321.18
19/09/2006,1318.31
20/09/2006,1325.18
21/09/2006,1318.03
22/09/2006,1314.78
25/09/2006,1326.37
26/09/2006,1336.34
27/09/2006,1336.59
28/09/2006,1339.15
29/09/2006,1335.85
2/10/2006,1331.32
3/10/2006,1334.11
4/10/2006,1350.22
5/10/2006,1353.22
6/10/2006,1349.58
9/10/2006,1350.66
10/10/2006,1353.42
11/10/2006,1349.95
12/10/2006,1362.83
13/10/2006,1365.62
16/10/2006,1369.05
17/10/2006,1364.05
18/10/2006,1365.96
19/10/2006,1366.96
20/10/2006,1368.6
23/10/2006,1377.02
24/10/2006,1377.38
25/10/2006,1382.22
26/10/2006,1389.08
27/10/2006,1377.34
30/10/2006,1377.93
31/10/2006,1377.94
1/11/2006,1367.81
2/11/2006,1367.34
3/11/2006,1364.3
6/11/2006,1379.78
7/11/2006,1382.84
8/11/2006,1385.72
9/11/2006,1378.33
10/11/2006,1380.9
13/11/2006,1384.42
14/11/2006,1393.22
15/11/2006,1396.57
16/11/2006,1399.76
17/11/2006,1401.2
20/11/2006,1400.5
21/11/2006,1402.81
22/11/2006,1406.09
24/11/2006,1400.95
27/11/2006,1381.9
28/11/2006,1386.72
29/11/2006,1399.48
30/11/2006,1400.63
1/12/2006,1396.71
4/12/2006,1409.12
5/12/2006,1414.76
6/12/2006,1412.9
7/12/2006,1407.29
8/12/2006,1409.84
11/12/2006,1413.04
12/12/2006,1411.56
13/12/2006,1413.21
14/12/2006,1425.49
15/12/2006,1427.09
18/12/2006,1422.48
19/12/2006,1425.55
20/12/2006,1423.53
21/12/2006,1418.3
22/12/2006,1410.76
26/12/2006,1416.9
27/12/2006,1426.84
28/12/2006,1424.73
29/12/2006,1418.3
3/1/2007,1416.6
4/1/2007,1418.34
5/1/2007,1409.71
8/1/2007,1412.84
9/1/2007,1412.11
10/1/2007,1414.85
11/1/2007,1423.82
12/1/2007,1430.73
16/01/2007,1431.9
17/01/2007,1430.62
18/01/2007,1426.37
19/01/2007,1430.5
22/01/2007,1422.95
23/01/2007,1427.99
24/01/2007,1440.13
25/01/2007,1423.9
26/01/2007,1422.18
29/01/2007,1420.62
30/01/2007,1428.82
31/01/2007,1438.24
1/2/2007,1445.94
2/2/2007,1448.39
5/2/2007,1446.99
6/2/2007,1448
7/2/2007,1450.02
8/2/2007,1448.31
9/2/2007,1438.06
12/2/2007,1433.37
13/02/2007,1444.26
14/02/2007,1455.3
15/02/2007,1456.81
16/02/2007,1455.54
20/02/2007,1459.68
21/02/2007,1457.63
22/02/2007,1456.38
23/02/2007,1451.19
26/02/2007,1449.37
27/02/2007,1399.04
28/02/2007,1406.82
1/3/2007,1403.17
2/3/2007,1387.17
5/3/2007,1374.12
6/3/2007,1395.41
7/3/2007,1391.97
8/3/2007,1401.89
9/3/2007,1402.85
12/3/2007,1406.6
13/03/2007,1377.95
14/03/2007,1387.17
15/03/2007,1392.28
16/03/2007,1386.95
19/03/2007,1402.06
20/03/2007,1410.94
21/03/2007,1435.04
22/03/2007,1434.54
23/03/2007,1436.11
26/03/2007,1437.5
27/03/2007,1428.61
28/03/2007,1417.23
29/03/2007,1422.53
30/03/2007,1420.86
2/4/2007,1424.55
3/4/2007,1437.77
4/4/2007,1439.37
5/4/2007,1443.76
9/4/2007,1444.61
10/4/2007,1448.39
11/4/2007,1438.87
12/4/2007,1447.8
13/04/2007,1452.85
16/04/2007,1468.47
17/04/2007,1471.48
18/04/2007,1472.5
19/04/2007,1470.73
20/04/2007,1484.35
23/04/2007,1480.93
24/04/2007,1480.41
25/04/2007,1495.42
26/04/2007,1494.25
27/04/2007,1494.07
30/04/2007,1482.37
1/5/2007,1486.3
2/5/2007,1495.92
3/5/2007,1502.39
4/5/2007,1505.62
7/5/2007,1509.48
8/5/2007,1507.72
9/5/2007,1512.58
10/5/2007,1491.47
11/5/2007,1505.85
14/05/2007,1503.15
15/05/2007,1501.19
16/05/2007,1514.14
17/05/2007,1512.75
18/05/2007,1522.75
21/05/2007,1525.1
22/05/2007,1524.12
23/05/2007,1522.28
24/05/2007,1507.51
25/05/2007,1515.73
29/05/2007,1518.11
30/05/2007,1530.23
31/05/2007,1530.62
1/6/2007,1536.34
4/6/2007,1539.18
5/6/2007,1530.95
6/6/2007,1517.38
7/6/2007,1490.72
8/6/2007,1507.67
11/6/2007,1509.12
12/6/2007,1493
13/06/2007,1515.67
14/06/2007,1522.97
15/06/2007,1532.91
18/06/2007,1531.05
19/06/2007,1533.7
20/06/2007,1512.84
21/06/2007,1522.19
22/06/2007,1502.56
25/06/2007,1497.74
26/06/2007,1492.89
27/06/2007,1506.34
28/06/2007,1505.71
29/06/2007,1503.35
2/7/2007,1519.43
3/7/2007,1524.87
5/7/2007,1525.4
6/7/2007,1530.44
9/7/2007,1531.85
10/7/2007,1510.12
11/7/2007,1518.76
12/7/2007,1547.7
13/07/2007,1552.5
16/07/2007,1549.52
17/07/2007,1549.37
18/07/2007,1546.17
19/07/2007,1553.08
20/07/2007,1534.1
23/07/2007,1541.57
24/07/2007,1511.04
25/07/2007,1518.09
26/07/2007,1482.66
27/07/2007,1458.95
30/07/2007,1473.91
31/07/2007,1455.27
1/8/2007,1465.81
2/8/2007,1472.2
3/8/2007,1433.06
6/8/2007,1467.67
7/8/2007,1476.71
8/8/2007,1497.49
9/8/2007,1453.09
10/8/2007,1453.64
13/08/2007,1452.92
14/08/2007,1426.54
15/08/2007,1406.7
16/08/2007,1411.27
17/08/2007,1445.94
20/08/2007,1445.55
21/08/2007,1447.12
22/08/2007,1464.07
23/08/2007,1462.5
24/08/2007,1479.37
27/08/2007,1466.79
28/08/2007,1432.36
29/08/2007,1463.76
30/08/2007,1457.64
31/08/2007,1473.99
4/9/2007,1489.42
5/9/2007,1472.29
6/9/2007,1478.55
7/9/2007,1453.55
10/9/2007,1451.7
11/9/2007,1471.49
12/9/2007,1471.56
13/09/2007,1483.95
14/09/2007,1484.25
17/09/2007,1476.65
18/09/2007,1519.78
19/09/2007,1529.03
20/09/2007,1518.75
21/09/2007,1525.75
24/09/2007,1517.73
25/09/2007,1517.21
26/09/2007,1525.42
27/09/2007,1531.38
28/09/2007,1526.75
1/10/2007,1547.04
2/10/2007,1546.63
3/10/2007,1539.59
4/10/2007,1542.84
5/10/2007,1557.59
8/10/2007,1552.58
9/10/2007,1565.15
10/10/2007,1562.47
11/10/2007,1554.41
12/10/2007,1561.8
15/10/2007,1548.71
16/10/2007,1538.53
17/10/2007,1541.24
18/10/2007,1540.08
19/10/2007,1500.63
22/10/2007,1506.33
23/10/2007,1519.59
24/10/2007,1515.88
25/10/2007,1514.4
26/10/2007,1535.28
29/10/2007,1540.98
30/10/2007,1531.02
31/10/2007,1549.38
1/11/2007,1508.44
2/11/2007,1509.65
5/11/2007,1502.17
6/11/2007,1520.27
7/11/2007,1475.62
8/11/2007,1474.77
9/11/2007,1453.7
12/11/2007,1439.18
13/11/2007,1481.05
14/11/2007,1470.58
15/11/2007,1451.15
16/11/2007,1458.74
19/11/2007,1433.27
20/11/2007,1439.7
21/11/2007,1416.77
23/11/2007,1440.7
26/11/2007,1407.22
27/11/2007,1428.23
28/11/2007,1469.02
29/11/2007,1469.72
30/11/2007,1481.14
3/12/2007,1472.42
4/12/2007,1462.79
5/12/2007,1485.01
6/12/2007,1507.34
7/12/2007,1504.66
10/12/2007,1515.96
11/12/2007,1477.65
12/12/2007,1486.59
13/12/2007,1488.41
14/12/2007,1467.95
17/12/2007,1445.9
18/12/2007,1454.98
19/12/2007,1453
20/12/2007,1460.12
21/12/2007,1484.46
24/12/2007,1496.45
26/12/2007,1497.66
27/12/2007,1476.37
28/12/2007,1478.49
31/12/2007,1468.36
2/1/2008,1447.16
3/1/2008,1447.16
4/1/2008,1411.63
7/1/2008,1416.18
8/1/2008,1390.19
9/1/2008,1409.13
10/1/2008,1420.33
11/1/2008,1401.02
14/01/2008,1416.25
15/01/2008,1380.95
16/01/2008,1373.2
17/01/2008,1333.25
18/01/2008,1325.19
22/01/2008,1310.5
23/01/2008,1338.6
24/01/2008,1352.07
25/01/2008,1330.61
28/01/2008,1353.97
29/01/2008,1362.3
30/01/2008,1355.81
31/01/2008,1378.55
1/2/2008,1395.42
4/2/2008,1380.82
5/2/2008,1336.64
6/2/2008,1326.45
7/2/2008,1336.91
8/2/2008,1331.29
11/2/2008,1339.13
12/2/2008,1348.86
13/02/2008,1367.21
14/02/2008,1348.86
15/02/2008,1349.99
19/02/2008,1348.78
20/02/2008,1360.03
21/02/2008,1342.53
22/02/2008,1353.11
25/02/2008,1371.8
26/02/2008,1381.29
27/02/2008,1380.02
28/02/2008,1367.68
29/02/2008,1330.63
3/3/2008,1331.34
4/3/2008,1326.75
5/3/2008,1333.7
6/3/2008,1304.34
7/3/2008,1293.37
10/3/2008,1273.37
11/3/2008,1320.65
12/3/2008,1308.77
13/03/2008,1315.48
14/03/2008,1288.14
17/03/2008,1276.6
18/03/2008,1330.74
19/03/2008,1298.42
20/03/2008,1329.51
24/03/2008,1349.88
25/03/2008,1352.99
26/03/2008,1341.13
27/03/2008,1325.76
28/03/2008,1315.22
31/03/2008,1322.7
1/4/2008,1370.18
2/4/2008,1367.53
3/4/2008,1369.31
4/4/2008,1370.4
7/4/2008,1372.54
8/4/2008,1365.54
9/4/2008,1354.49
10/4/2008,1360.55
11/4/2008,1332.83
14/04/2008,1328.32
15/04/2008,1334.43
16/04/2008,1364.71
17/04/2008,1365.56
18/04/2008,1390.33
21/04/2008,1388.17
22/04/2008,1375.94
23/04/2008,1379.93
24/04/2008,1388.82
25/04/2008,1397.84
28/04/2008,1396.37
29/04/2008,1390.94
30/04/2008,1385.59
1/5/2008,1409.34
2/5/2008,1413.9
5/5/2008,1407.49
6/5/2008,1418.26
7/5/2008,1392.57
8/5/2008,1397.68
9/5/2008,1388.28
12/5/2008,1403.58
13/05/2008,1403.04
14/05/2008,1408.66
15/05/2008,1423.57
16/05/2008,1425.35
19/05/2008,1426.63
20/05/2008,1413.4
21/05/2008,1390.71
22/05/2008,1394.35
23/05/2008,1375.93
27/05/2008,1385.35
28/05/2008,1390.84
29/05/2008,1398.26
30/05/2008,1400.38
2/6/2008,1385.67
3/6/2008,1377.65
4/6/2008,1377.2
5/6/2008,1404.05
6/6/2008,1360.68
9/6/2008,1361.76
10/6/2008,1358.44
11/6/2008,1335.49
12/6/2008,1339.87
13/06/2008,1360.03
16/06/2008,1360.14
17/06/2008,1350.93
18/06/2008,1337.81
19/06/2008,1342.83
20/06/2008,1317.93
23/06/2008,1318
24/06/2008,1314.29
25/06/2008,1321.97
26/06/2008,1283.15
27/06/2008,1278.38
30/06/2008,1280
1/7/2008,1284.91
2/7/2008,1261.52
3/7/2008,1262.9
7/7/2008,1252.31
8/7/2008,1273.7
9/7/2008,1244.69
10/7/2008,1253.39
11/7/2008,1239.49
14/07/2008,1228.3
15/07/2008,1214.91
16/07/2008,1245.36
17/07/2008,1260.32
18/07/2008,1260.68
21/07/2008,1260
22/07/2008,1277
23/07/2008,1282.19
24/07/2008,1252.54
25/07/2008,1257.76
28/07/2008,1234.37
29/07/2008,1263.2
30/07/2008,1284.26
31/07/2008,1267.38
1/8/2008,1260.31
4/8/2008,1249.01
5/8/2008,1284.88
6/8/2008,1289.19
7/8/2008,1266.07
8/8/2008,1296.32
11/8/2008,1305.32
12/8/2008,1289.59
13/08/2008,1285.83
14/08/2008,1292.93
15/08/2008,1298.2
18/08/2008,1278.6
19/08/2008,1266.69
20/08/2008,1274.54
21/08/2008,1277.72
22/08/2008,1292.2
25/08/2008,1266.84
26/08/2008,1271.51
27/08/2008,1281.66
28/08/2008,1300.68
29/08/2008,1282.83
2/9/2008,1277.58
3/9/2008,1274.98
4/9/2008,1236.83
5/9/2008,1242.31
8/9/2008,1267.79
9/9/2008,1224.51
10/9/2008,1232.04
11/9/2008,1249.05
12/9/2008,1251.7
15/09/2008,1192.7
16/09/2008,1213.59
17/09/2008,1156.39
18/09/2008,1206.51
19/09/2008,1255.08
22/09/2008,1207.09
23/09/2008,1188.22
24/09/2008,1185.87
25/09/2008,1209.18
26/09/2008,1213.01
29/09/2008,1106.39
30/09/2008,1166.36
1/10/2008,1161.06
2/10/2008,1114.28
3/10/2008,1099.23
6/10/2008,1056.89
7/10/2008,996.23
8/10/2008,984.94
9/10/2008,909.92
10/10/2008,899.22
13/10/2008,1003.35
14/10/2008,998.01
15/10/2008,907.84
16/10/2008,946.43
17/10/2008,940.55
20/10/2008,985.4
21/10/2008,955.05
22/10/2008,896.78
23/10/2008,908.11
24/10/2008,876.77
27/10/2008,848.92
28/10/2008,940.51
29/10/2008,930.09
30/10/2008,954.09
31/10/2008,968.75
3/11/2008,966.3
4/11/2008,1005.75
5/11/2008,952.77
6/11/2008,904.88
7/11/2008,930.99
10/11/2008,919.21
11/11/2008,898.95
12/11/2008,852.3
13/11/2008,911.29
14/11/2008,873.29
17/11/2008,850.75
18/11/2008,859.12
19/11/2008,806.58
20/11/2008,752.44
21/11/2008,800.03
24/11/2008,851.81
25/11/2008,857.39
26/11/2008,887.68
28/11/2008,896.24
1/12/2008,816.21
2/12/2008,848.81
3/12/2008,870.74
4/12/2008,845.22
5/12/2008,876.07
8/12/2008,909.7
9/12/2008,888.67
10/12/2008,899.24
11/12/2008,873.59
12/12/2008,879.73
15/12/2008,868.57
16/12/2008,913.18
17/12/2008,904.42
18/12/2008,885.28
19/12/2008,887.88
22/12/2008,871.63
23/12/2008,863.16
24/12/2008,868.15
26/12/2008,872.8
29/12/2008,869.42
30/12/2008,890.64
31/12/2008,903.25
2/1/2009,931.8
5/1/2009,927.45
6/1/2009,934.7
7/1/2009,906.65
8/1/2009,909.73
9/1/2009,890.35
12/1/2009,870.26
13/01/2009,871.79
14/01/2009,842.62
15/01/2009,843.74
16/01/2009,850.12
20/01/2009,805.22
21/01/2009,840.24
22/01/2009,827.5
23/01/2009,831.95
26/01/2009,836.57
27/01/2009,845.71
28/01/2009,874.09
29/01/2009,845.14
30/01/2009,825.88
2/2/2009,825.44
3/2/2009,838.51
4/2/2009,832.23
5/2/2009,845.85
6/2/2009,868.6
9/2/2009,869.89
10/2/2009,827.16
11/2/2009,833.74
12/2/2009,835.19
13/02/2009,826.84
17/02/2009,789.17
18/02/2009,788.42
19/02/2009,778.94
20/02/2009,770.05
23/02/2009,743.33
24/02/2009,773.14
25/02/2009,764.9
26/02/2009,752.83
27/02/2009,735.09
2/3/2009,700.82
3/3/2009,696.33
4/3/2009,712.87
5/3/2009,682.55
6/3/2009,683.38
9/3/2009,676.53
10/3/2009,719.6
11/3/2009,721.36
12/3/2009,750.74
13/03/2009,756.55
16/03/2009,753.89
17/03/2009,778.12
18/03/2009,794.35
19/03/2009,784.04
20/03/2009,768.54
23/03/2009,822.92
24/03/2009,806.12
25/03/2009,813.88
26/03/2009,832.86
27/03/2009,815.94
30/03/2009,787.53
31/03/2009,797.87
1/4/2009,811.08
2/4/2009,834.38
3/4/2009,842.5
6/4/2009,835.48
7/4/2009,815.55
8/4/2009,825.16
9/4/2009,856.56
13/04/2009,858.73
14/04/2009,841.5
15/04/2009,852.06
16/04/2009,865.3
17/04/2009,869.6
20/04/2009,832.39
21/04/2009,850.08
22/04/2009,843.55
23/04/2009,851.92
24/04/2009,866.23
27/04/2009,857.51
28/04/2009,855.16
29/04/2009,873.64
30/04/2009,872.81
1/5/2009,877.52
4/5/2009,907.24
5/5/2009,903.8
6/5/2009,919.53
7/5/2009,907.39
8/5/2009,929.23
11/5/2009,909.24
12/5/2009,908.35
13/05/2009,883.92
14/05/2009,893.07
15/05/2009,882.88
18/05/2009,909.71
19/05/2009,908.13
20/05/2009,903.47
21/05/2009,888.33
22/05/2009,887
26/05/2009,910.33
27/05/2009,893.06
28/05/2009,906.83
29/05/2009,919.14
1/6/2009,942.87
2/6/2009,944.74
3/6/2009,931.76
4/6/2009,942.46
5/6/2009,940.09
8/6/2009,939.14
9/6/2009,942.43
10/6/2009,939.15
11/6/2009,944.89
12/6/2009,946.21
15/06/2009,923.72
16/06/2009,911.97
17/06/2009,910.71
18/06/2009,918.37
19/06/2009,921.23
22/06/2009,893.04
23/06/2009,895.1
24/06/2009,900.94
25/06/2009,920.26
26/06/2009,918.9
29/06/2009,927.23
30/06/2009,919.32
1/7/2009,923.33
2/7/2009,896.42
6/7/2009,898.72
7/7/2009,881.03
8/7/2009,879.56
9/7/2009,882.68
10/7/2009,879.13
13/07/2009,901.05
14/07/2009,905.84
15/07/2009,932.68
16/07/2009,940.74
17/07/2009,940.38
20/07/2009,951.13
21/07/2009,954.58
22/07/2009,954.07
23/07/2009,976.29
24/07/2009,979.26
27/07/2009,982.18
28/07/2009,979.62
29/07/2009,975.15
30/07/2009,986.75
31/07/2009,987.48
3/8/2009,1002.63
4/8/2009,1005.65
5/8/2009,1002.72
6/8/2009,997.08
7/8/2009,1010.48
10/8/2009,1007.1
11/8/2009,994.35
12/8/2009,1005.81
13/08/2009,1012.73
14/08/2009,1004.09
17/08/2009,979.73
18/08/2009,989.67
19/08/2009,996.46
20/08/2009,1007.37
21/08/2009,1026.13
24/08/2009,1025.57
25/08/2009,1028
26/08/2009,1028.12
27/08/2009,1030.98
28/08/2009,1028.93
31/08/2009,1020.62
1/9/2009,998.04
2/9/2009,994.75
3/9/2009,1003.24
4/9/2009,1016.4
8/9/2009,1025.39
9/9/2009,1033.37
10/9/2009,1044.14
11/9/2009,1042.73
14/09/2009,1049.34
15/09/2009,1052.63
16/09/2009,1068.76
17/09/2009,1065.49
18/09/2009,1068.3
21/09/2009,1064.66
22/09/2009,1071.66
23/09/2009,1060.87
24/09/2009,1050.78
25/09/2009,1044.38
28/09/2009,1062.98
29/09/2009,1060.61
30/09/2009,1057.08
1/10/2009,1029.85
2/10/2009,1025.21
5/10/2009,1040.46
6/10/2009,1054.72
7/10/2009,1057.58
8/10/2009,1065.48
9/10/2009,1071.49
12/10/2009,1076.19
13/10/2009,1073.19
14/10/2009,1092.02
15/10/2009,1096.56
16/10/2009,1087.68
19/10/2009,1097.91
20/10/2009,1091.06
21/10/2009,1081.4
22/10/2009,1092.91
23/10/2009,1079.6
26/10/2009,1066.95
27/10/2009,1063.41
28/10/2009,1042.63
29/10/2009,1066.11
30/10/2009,1036.19
2/11/2009,1042.88
3/11/2009,1045.41
4/11/2009,1046.5
5/11/2009,1066.63
6/11/2009,1069.3
9/11/2009,1093.08
10/11/2009,1093.01
11/11/2009,1098.51
12/11/2009,1087.24
13/11/2009,1093.48
16/11/2009,1109.3
17/11/2009,1110.32
18/11/2009,1109.8
19/11/2009,1094.9
20/11/2009,1091.38
23/11/2009,1106.24
24/11/2009,1105.65
25/11/2009,1110.63
27/11/2009,1091.49
30/11/2009,1095.63
1/12/2009,1108.86
2/12/2009,1109.24
3/12/2009,1099.92
4/12/2009,1105.98
7/12/2009,1103.25
8/12/2009,1091.94
9/12/2009,1095.95
10/12/2009,1102.35
11/12/2009,1106.41
14/12/2009,1114.11
15/12/2009,1107.93
16/12/2009,1109.18
17/12/2009,1096.08
18/12/2009,1102.47
21/12/2009,1114.05
22/12/2009,1118.02
23/12/2009,1120.59
24/12/2009,1126.48
28/12/2009,1127.78
29/12/2009,1126.2
30/12/2009,1126.42
31/12/2009,1115.1
4/1/2010,1132.99
5/1/2010,1136.52
6/1/2010,1137.14
7/1/2010,1141.69
8/1/2010,1144.98
11/1/2010,1146.98
12/1/2010,1136.22
13/01/2010,1145.68
14/01/2010,1148.46
15/01/2010,1136.03
19/01/2010,1150.23
20/01/2010,1138.04
21/01/2010,1116.48
22/01/2010,1091.76
25/01/2010,1096.78
26/01/2010,1092.17
27/01/2010,1097.5
28/01/2010,1084.53
29/01/2010,1073.87
1/2/2010,1089.19
2/2/2010,1103.32
3/2/2010,1097.28
4/2/2010,1063.11
5/2/2010,1066.19
8/2/2010,1056.74
9/2/2010,1070.52
10/2/2010,1068.13
11/2/2010,1078.47
12/2/2010,1075.51
16/02/2010,1094.87
17/02/2010,1099.51
18/02/2010,1106.75
19/02/2010,1109.17
22/02/2010,1108.01
23/02/2010,1094.6
24/02/2010,1105.24
25/02/2010,1102.94
26/02/2010,1104.49
1/3/2010,1115.71
2/3/2010,1118.31
3/3/2010,1118.79
4/3/2010,1122.97
5/3/2010,1138.7
8/3/2010,1138.5
9/3/2010,1140.45
10/3/2010,1145.61
11/3/2010,1150.24
12/3/2010,1149.99
15/03/2010,1150.51
16/03/2010,1159.46
17/03/2010,1166.21
18/03/2010,1165.83
19/03/2010,1159.9
22/03/2010,1165.81
23/03/2010,1174.17
24/03/2010,1167.72
25/03/2010,1165.73
26/03/2010,1166.59
29/03/2010,1173.22
30/03/2010,1173.27
31/03/2010,1169.43
1/4/2010,1178.1
5/4/2010,1187.44
6/4/2010,1189.44
7/4/2010,1182.45
8/4/2010,1186.44
9/4/2010,1194.37
12/4/2010,1196.48
13/04/2010,1197.3
14/04/2010,1210.65
15/04/2010,1211.67
16/04/2010,1192.13
19/04/2010,1197.52
20/04/2010,1207.17
21/04/2010,1205.94
22/04/2010,1208.67
23/04/2010,1217.28
26/04/2010,1212.05
27/04/2010,1183.71
28/04/2010,1191.36
29/04/2010,1206.78
30/04/2010,1186.69
3/5/2010,1202.26
4/5/2010,1173.6
5/5/2010,1165.9
6/5/2010,1128.15
7/5/2010,1110.88
10/5/2010,1159.73
11/5/2010,1155.79
12/5/2010,1171.67
13/05/2010,1157.44
14/05/2010,1135.68
17/05/2010,1136.94
18/05/2010,1120.8
19/05/2010,1115.05
20/05/2010,1071.59
21/05/2010,1087.69
24/05/2010,1073.65
25/05/2010,1074.03
26/05/2010,1067.95
27/05/2010,1103.06
28/05/2010,1089.41
1/6/2010,1070.71
2/6/2010,1098.38
3/6/2010,1102.83
4/6/2010,1064.88
7/6/2010,1050.47
8/6/2010,1062
9/6/2010,1055.69
10/6/2010,1086.84
11/6/2010,1091.6
14/06/2010,1089.63
15/06/2010,1115.23
16/06/2010,1114.61
17/06/2010,1116.04
18/06/2010,1117.51
21/06/2010,1113.2
22/06/2010,1095.31
23/06/2010,1092.04
24/06/2010,1073.69
25/06/2010,1076.76
28/06/2010,1074.57
29/06/2010,1041.24
30/06/2010,1030.71
1/7/2010,1027.37
2/7/2010,1022.58
6/7/2010,1028.06
7/7/2010,1060.27
8/7/2010,1070.25
9/7/2010,1077.96
12/7/2010,1078.75
13/07/2010,1095.34
14/07/2010,1095.17
15/07/2010,1096.48
16/07/2010,1064.88
19/07/2010,1071.25
20/07/2010,1083.48
21/07/2010,1069.59
22/07/2010,1093.67
23/07/2010,1102.66
26/07/2010,1115.01
27/07/2010,1113.84
28/07/2010,1106.13
29/07/2010,1101.53
30/07/2010,1101.6
2/8/2010,1125.86
3/8/2010,1120.46
4/8/2010,1127.24
5/8/2010,1125.81
6/8/2010,1121.64
9/8/2010,1127.79
10/8/2010,1121.06
11/8/2010,1089.47
12/8/2010,1083.61
13/08/2010,1079.25
16/08/2010,1079.38
17/08/2010,1092.54
18/08/2010,1094.16
19/08/2010,1075.63
20/08/2010,1071.69
23/08/2010,1067.36
24/08/2010,1051.87
25/08/2010,1055.33
26/08/2010,1047.22
27/08/2010,1064.59
30/08/2010,1048.92
31/08/2010,1049.33
1/9/2010,1080.29
2/9/2010,1090.1
3/9/2010,1104.51
7/9/2010,1091.84
8/9/2010,1098.87
9/9/2010,1104.18
10/9/2010,1109.55
13/09/2010,1121.9
14/09/2010,1121.1
15/09/2010,1125.07
16/09/2010,1124.66
17/09/2010,1125.59
20/09/2010,1142.71
21/09/2010,1139.78
22/09/2010,1134.28
23/09/2010,1124.83
24/09/2010,1148.67
27/09/2010,1142.16
28/09/2010,1147.7
29/09/2010,1144.73
30/09/2010,1141.2
1/10/2010,1146.24
4/10/2010,1137.03
5/10/2010,1160.75
6/10/2010,1159.97
7/10/2010,1158.06
8/10/2010,1165.15
11/10/2010,1165.32
12/10/2010,1169.77
13/10/2010,1178.1
14/10/2010,1173.81
15/10/2010,1176.19
18/10/2010,1184.71
19/10/2010,1165.9
20/10/2010,1178.17
21/10/2010,1180.26
22/10/2010,1183.08
25/10/2010,1185.62
26/10/2010,1185.64
27/10/2010,1182.45
28/10/2010,1183.78
29/10/2010,1183.26
1/11/2010,1184.38
2/11/2010,1193.57
3/11/2010,1197.96
4/11/2010,1221.06
5/11/2010,1225.85
8/11/2010,1223.25
9/11/2010,1213.4
10/11/2010,1218.71
11/11/2010,1213.54
12/11/2010,1199.21
15/11/2010,1197.75
16/11/2010,1178.34
17/11/2010,1178.59
18/11/2010,1196.69
19/11/2010,1199.73
22/11/2010,1197.84
23/11/2010,1180.73
24/11/2010,1198.35
26/11/2010,1189.4
29/11/2010,1187.76
30/11/2010,1180.55
1/12/2010,1206.07
2/12/2010,1221.53
3/12/2010,1224.71
6/12/2010,1223.12
7/12/2010,1223.75
8/12/2010,1228.28
9/12/2010,1233
10/12/2010,1240.4
13/12/2010,1240.46
14/12/2010,1241.59
15/12/2010,1235.23
16/12/2010,1242.87
17/12/2010,1243.91
20/12/2010,1247.08
21/12/2010,1254.6
22/12/2010,1258.84
23/12/2010,1256.77
27/12/2010,1257.54
28/12/2010,1258.51
29/12/2010,1259.78
30/12/2010,1257.88
31/12/2010,1257.64
3/1/2011,1271.87
4/1/2011,1270.2
5/1/2011,1276.56
6/1/2011,1273.85
7/1/2011,1271.5
10/1/2011,1269.75
11/1/2011,1274.48
12/1/2011,1285.96
13/01/2011,1283.76
14/01/2011,1293.24
18/01/2011,1295.02
19/01/2011,1281.92
20/01/2011,1280.26
21/01/2011,1283.35
24/01/2011,1290.84
25/01/2011,1291.18
26/01/2011,1296.63
27/01/2011,1299.54
28/01/2011,1276.34
31/01/2011,1286.12
1/2/2011,1307.59
2/2/2011,1304.03
3/2/2011,1307.1
4/2/2011,1310.87
7/2/2011,1319.05
8/2/2011,1324.57
9/2/2011,1320.88
10/2/2011,1321.87
11/2/2011,1329.15
14/02/2011,1332.32
15/02/2011,1328.01
16/02/2011,1336.32
17/02/2011,1340.43
18/02/2011,1343.01
22/02/2011,1315.44
23/02/2011,1307.4
24/02/2011,1306.1
25/02/2011,1319.88
28/02/2011,1327.22
1/3/2011,1306.33
2/3/2011,1308.44
3/3/2011,1330.97
4/3/2011,1321.15
7/3/2011,1310.13
8/3/2011,1321.82
9/3/2011,1320.02
10/3/2011,1295.11
11/3/2011,1304.28
14/03/2011,1296.39
15/03/2011,1281.87
16/03/2011,1256.88
17/03/2011,1273.72
18/03/2011,1279.2
21/03/2011,1298.38
22/03/2011,1293.77
23/03/2011,1297.54
24/03/2011,1309.66
25/03/2011,1313.8
28/03/2011,1310.19
29/03/2011,1319.44
30/03/2011,1328.26
31/03/2011,1325.83
1/4/2011,1332.41
4/4/2011,1332.87
5/4/2011,1332.63
6/4/2011,1335.54
7/4/2011,1333.51
8/4/2011,1328.17
11/4/2011,1324.46
12/4/2011,1314.16
13/04/2011,1314.41
14/04/2011,1314.52
15/04/2011,1319.68
18/04/2011,1305.14
19/04/2011,1312.62
20/04/2011,1330.36
21/04/2011,1337.38
25/04/2011,1335.25
26/04/2011,1347.24
27/04/2011,1355.66
28/04/2011,1360.48
29/04/2011,1363.61
2/5/2011,1361.22
3/5/2011,1356.62
4/5/2011,1347.32
5/5/2011,1335.1
6/5/2011,1340.2
9/5/2011,1346.29
10/5/2011,1357.16
11/5/2011,1342.08
12/5/2011,1348.65
13/05/2011,1337.77
16/05/2011,1329.47
17/05/2011,1328.98
18/05/2011,1340.68
19/05/2011,1343.6
20/05/2011,1333.27
23/05/2011,1317.37
24/05/2011,1316.28
25/05/2011,1320.47
26/05/2011,1325.69
27/05/2011,1331.1
31/05/2011,1345.2
1/6/2011,1314.55
2/6/2011,1312.94
3/6/2011,1300.16
6/6/2011,1286.17
7/6/2011,1284.94
8/6/2011,1279.56
9/6/2011,1289
10/6/2011,1270.98
13/06/2011,1271.83
14/06/2011,1287.87
15/06/2011,1265.42
16/06/2011,1267.64
17/06/2011,1271.5
20/06/2011,1278.36
21/06/2011,1295.52
22/06/2011,1287.14
23/06/2011,1283.5
24/06/2011,1268.45
27/06/2011,1280.1
28/06/2011,1296.67
29/06/2011,1307.41
30/06/2011,1320.64
1/7/2011,1339.67
5/7/2011,1337.88
6/7/2011,1339.22
7/7/2011,1353.22
8/7/2011,1343.8
11/7/2011,1319.49
12/7/2011,1313.64
13/07/2011,1317.72
14/07/2011,1308.87
15/07/2011,1316.14
18/07/2011,1305.44
19/07/2011,1326.73
20/07/2011,1325.84
21/07/2011,1343.8
22/07/2011,1345.02
25/07/2011,1337.43
26/07/2011,1331.94
27/07/2011,1304.89
28/07/2011,1300.67
29/07/2011,1292.28
1/8/2011,1286.94
2/8/2011,1254.05
3/8/2011,1260.34
4/8/2011,1200.07
5/8/2011,1199.38
8/8/2011,1119.46
9/8/2011,1172.53
10/8/2011,1120.76
11/8/2011,1172.64
12/8/2011,1178.81
15/08/2011,1204.49
16/08/2011,1192.76
17/08/2011,1193.89
18/08/2011,1140.65
19/08/2011,1123.53
22/08/2011,1123.82
23/08/2011,1162.35
24/08/2011,1177.6
25/08/2011,1159.27
26/08/2011,1176.8
29/08/2011,1210.08
30/08/2011,1212.92
31/08/2011,1218.89
1/9/2011,1204.42
2/9/2011,1173.97
6/9/2011,1165.24
7/9/2011,1198.62
8/9/2011,1185.9
9/9/2011,1154.23
12/9/2011,1162.27
13/09/2011,1172.87
14/09/2011,1188.68
15/09/2011,1209.11
16/09/2011,1216.01
19/09/2011,1204.09
20/09/2011,1202.09
21/09/2011,1166.76
22/09/2011,1129.56
23/09/2011,1136.43
26/09/2011,1162.95
27/09/2011,1175.38
28/09/2011,1151.06
29/09/2011,1160.4
30/09/2011,1131.42
3/10/2011,1099.23
4/10/2011,1123.95
5/10/2011,1144.03
6/10/2011,1164.97
7/10/2011,1155.46
10/10/2011,1194.89
11/10/2011,1195.54
12/10/2011,1207.25
13/10/2011,1203.66
14/10/2011,1224.58
17/10/2011,1200.86
18/10/2011,1225.38
19/10/2011,1209.88
20/10/2011,1215.39
21/10/2011,1238.25
24/10/2011,1254.19
25/10/2011,1229.05
26/10/2011,1242
27/10/2011,1284.59
28/10/2011,1285.09
31/10/2011,1253.3
1/11/2011,1218.28
2/11/2011,1237.9
3/11/2011,1261.15
4/11/2011,1253.23
7/11/2011,1261.12
8/11/2011,1275.92
9/11/2011,1229.1
10/11/2011,1239.69
11/11/2011,1263.85
14/11/2011,1251.78
15/11/2011,1257.81
16/11/2011,1236.91
17/11/2011,1216.13
18/11/2011,1215.65
21/11/2011,1192.98
22/11/2011,1188.04
23/11/2011,1161.79
25/11/2011,1158.67
28/11/2011,1192.55
29/11/2011,1195.19
30/11/2011,1246.96
1/12/2011,1244.58
2/12/2011,1244.28
5/12/2011,1257.08
6/12/2011,1258.47
7/12/2011,1261.01
8/12/2011,1234.35
9/12/2011,1255.19
12/12/2011,1236.47
13/12/2011,1225.73
14/12/2011,1211.82
15/12/2011,1215.75
16/12/2011,1219.66
19/12/2011,1205.35
20/12/2011,1241.3
21/12/2011,1243.72
22/12/2011,1254
23/12/2011,1265.33
27/12/2011,1265.43
28/12/2011,1249.64
29/12/2011,1263.02
30/12/2011,1257.6
3/1/2012,1277.06
4/1/2012,1277.3
5/1/2012,1281.06
6/1/2012,1277.81
9/1/2012,1280.7
10/1/2012,1292.08
11/1/2012,1292.48
12/1/2012,1295.5
13/01/2012,1289.09
17/01/2012,1293.67
18/01/2012,1308.04
19/01/2012,1314.5
20/01/2012,1315.38
23/01/2012,1316
24/01/2012,1314.65
25/01/2012,1326.05
26/01/2012,1318.43
27/01/2012,1316.33
30/01/2012,1313.01
31/01/2012,1312.41
1/2/2012,1324.09
2/2/2012,1325.54
3/2/2012,1344.9
6/2/2012,1344.33
7/2/2012,1347.05
8/2/2012,1349.96
9/2/2012,1351.95
10/2/2012,1342.64
13/02/2012,1351.77
14/02/2012,1350.5
15/02/2012,1343.23
16/02/2012,1358.04
17/02/2012,1361.23
21/02/2012,1362.21
22/02/2012,1357.66
23/02/2012,1363.46
24/02/2012,1365.74
27/02/2012,1367.59
28/02/2012,1372.18
29/02/2012,1365.68
1/3/2012,1374.09
2/3/2012,1369.63
5/3/2012,1364.33
6/3/2012,1343.36
7/3/2012,1352.63
8/3/2012,1365.91
9/3/2012,1370.87
12/3/2012,1371.09
13/03/2012,1395.95
14/03/2012,1394.28
15/03/2012,1402.6
16/03/2012,1404.17
19/03/2012,1409.75
20/03/2012,1405.52
21/03/2012,1402.89
22/03/2012,1392.78
23/03/2012,1397.11
26/03/2012,1416.51
27/03/2012,1412.52
28/03/2012,1405.54
29/03/2012,1403.28
30/03/2012,1408.47
2/4/2012,1419.04
3/4/2012,1413.38
4/4/2012,1398.96
5/4/2012,1398.08
9/4/2012,1382.2
10/4/2012,1358.59
11/4/2012,1368.71
12/4/2012,1387.57
13/04/2012,1370.26
16/04/2012,1369.57
17/04/2012,1390.78
18/04/2012,1385.14
19/04/2012,1376.92
20/04/2012,1378.53
23/04/2012,1366.94
24/04/2012,1371.97
25/04/2012,1390.69
26/04/2012,1399.98
27/04/2012,1403.36
30/04/2012,1397.91
1/5/2012,1405.82
2/5/2012,1402.31
3/5/2012,1391.57
4/5/2012,1369.1
7/5/2012,1369.58
8/5/2012,1363.72
9/5/2012,1354.58
10/5/2012,1357.99
11/5/2012,1353.39
14/05/2012,1338.35
15/05/2012,1330.66
16/05/2012,1324.8
17/05/2012,1304.86
18/05/2012,1295.22
21/05/2012,1315.99
22/05/2012,1316.63
23/05/2012,1318.86
24/05/2012,1320.68
25/05/2012,1317.82
29/05/2012,1332.42
30/05/2012,1313.32
31/05/2012,1310.33
1/6/2012,1278.04
4/6/2012,1278.18
5/6/2012,1285.5
6/6/2012,1315.13
7/6/2012,1314.99
8/6/2012,1325.66
11/6/2012,1308.93
12/6/2012,1324.18
13/06/2012,1314.88
14/06/2012,1329.1
15/06/2012,1342.84
18/06/2012,1344.78
19/06/2012,1357.98
20/06/2012,1355.69
21/06/2012,1325.51
22/06/2012,1335.02
25/06/2012,1313.72
26/06/2012,1319.99
27/06/2012,1331.85
28/06/2012,1329.04
29/06/2012,1362.16
2/7/2012,1365.51
3/7/2012,1374.02
5/7/2012,1367.58
6/7/2012,1354.68
9/7/2012,1352.46
10/7/2012,1341.47
11/7/2012,1341.45
12/7/2012,1334.76
13/07/2012,1356.78
16/07/2012,1353.64
17/07/2012,1363.67
18/07/2012,1372.78
19/07/2012,1376.51
20/07/2012,1362.66
23/07/2012,1350.52
24/07/2012,1338.31
25/07/2012,1337.89
26/07/2012,1360.02
27/07/2012,1385.97
30/07/2012,1385.3
31/07/2012,1379.32
1/8/2012,1375.14
2/8/2012,1365
3/8/2012,1390.99
6/8/2012,1394.23
7/8/2012,1401.35
8/8/2012,1402.22
9/8/2012,1402.8
10/8/2012,1405.87
13/08/2012,1404.11
14/08/2012,1403.93
15/08/2012,1405.53
16/08/2012,1415.51
17/08/2012,1418.16
20/08/2012,1418.13
21/08/2012,1413.17
22/08/2012,1413.49
23/08/2012,1402.08
24/08/2012,1411.13
27/08/2012,1410.44
28/08/2012,1409.3
29/08/2012,1410.49
30/08/2012,1399.48
31/08/2012,1406.58
4/9/2012,1404.94
5/9/2012,1403.44
6/9/2012,1432.12
7/9/2012,1437.92
10/9/2012,1429.08
11/9/2012,1433.56
12/9/2012,1436.56
13/09/2012,1459.99
14/09/2012,1465.77
17/09/2012,1461.19
18/09/2012,1459.32
19/09/2012,1461.05
20/09/2012,1460.26
21/09/2012,1460.15
24/09/2012,1456.89
25/09/2012,1441.59
26/09/2012,1433.32
27/09/2012,1447.15
28/09/2012,1440.67
1/10/2012,1444.49
2/10/2012,1445.75
3/10/2012,1450.99
4/10/2012,1461.4
5/10/2012,1460.93
8/10/2012,1455.88
9/10/2012,1441.48
10/10/2012,1432.56
11/10/2012,1432.84
12/10/2012,1428.59
15/10/2012,1440.13
16/10/2012,1454.92
17/10/2012,1460.91
18/10/2012,1457.34
19/10/2012,1433.19
22/10/2012,1433.82
23/10/2012,1413.11
24/10/2012,1408.75
25/10/2012,1412.97
26/10/2012,1411.94
31/10/2012,1412.16
1/11/2012,1427.59
2/11/2012,1414.2
5/11/2012,1417.26
6/11/2012,1428.39
7/11/2012,1394.53
8/11/2012,1377.51
9/11/2012,1379.85
12/11/2012,1380.03
13/11/2012,1374.53
14/11/2012,1355.49
15/11/2012,1353.33
16/11/2012,1359.88
19/11/2012,1386.89
20/11/2012,1387.81
21/11/2012,1391.03
23/11/2012,1409.15
26/11/2012,1406.29
27/11/2012,1398.94
28/11/2012,1409.93
29/11/2012,1415.95
30/11/2012,1416.18
3/12/2012,1409.46
4/12/2012,1407.05
5/12/2012,1409.28
6/12/2012,1413.94
7/12/2012,1418.07
10/12/2012,1418.55
11/12/2012,1427.84
12/12/2012,1428.48
13/12/2012,1419.45
14/12/2012,1413.58
17/12/2012,1430.36
18/12/2012,1446.79
19/12/2012,1435.81
20/12/2012,1443.69
21/12/2012,1430.15
24/12/2012,1426.66
26/12/2012,1419.83
27/12/2012,1418.1
28/12/2012,1402.43
31/12/2012,1426.19
2/1/2013,1462.42
3/1/2013,1459.37
4/1/2013,1466.47
7/1/2013,1461.89
8/1/2013,1457.15
9/1/2013,1461.02
10/1/2013,1472.12
11/1/2013,1472.05
14/01/2013,1470.68
15/01/2013,1472.34
16/01/2013,1472.63
17/01/2013,1480.94
18/01/2013,1485.98
22/01/2013,1492.56
23/01/2013,1494.81
24/01/2013,1494.82
25/01/2013,1502.96
28/01/2013,1500.18
29/01/2013,1507.84
30/01/2013,1501.96
31/01/2013,1498.11
1/2/2013,1513.17
4/2/2013,1495.71
5/2/2013,1511.29
6/2/2013,1512.12
7/2/2013,1509.39
8/2/2013,1517.93
11/2/2013,1517.01
12/2/2013,1519.43
13/02/2013,1520.33
14/02/2013,1521.38
15/02/2013,1519.79
19/02/2013,1530.94
20/02/2013,1511.95
21/02/2013,1502.42
22/02/2013,1515.6
25/02/2013,1487.85
26/02/2013,1496.94
27/02/2013,1515.99
28/02/2013,1514.68
1/3/2013,1518.2
4/3/2013,1525.2
5/3/2013,1539.79
6/3/2013,1541.46
7/3/2013,1544.26
8/3/2013,1551.18
11/3/2013,1556.22
12/3/2013,1552.48
13/03/2013,1554.52
14/03/2013,1563.23
15/03/2013,1560.7
18/03/2013,1552.1
19/03/2013,1548.34
20/03/2013,1558.71
21/03/2013,1545.8
22/03/2013,1556.89
25/03/2013,1551.69
26/03/2013,1563.77
27/03/2013,1562.85
28/03/2013,1569.19
1/4/2013,1562.17
2/4/2013,1570.25
3/4/2013,1553.69
4/4/2013,1559.98
5/4/2013,1553.28
8/4/2013,1563.07
9/4/2013,1568.61
10/4/2013,1587.73
11/4/2013,1593.37
12/4/2013,1588.85
15/04/2013,1552.36
16/04/2013,1574.57
17/04/2013,1552.01
18/04/2013,1541.61
19/04/2013,1555.25
22/04/2013,1562.5
23/04/2013,1578.78
24/04/2013,1578.79
25/04/2013,1585.16
26/04/2013,1582.24
29/04/2013,1593.61
30/04/2013,1597.57
1/5/2013,1582.7
2/5/2013,1597.59
3/5/2013,1614.42
6/5/2013,1617.5
7/5/2013,1625.96
8/5/2013,1632.69
9/5/2013,1626.67
10/5/2013,1633.7
13/05/2013,1633.77
14/05/2013,1650.34
15/05/2013,1658.78
16/05/2013,1650.47
17/05/2013,1667.47
20/05/2013,1666.29
21/05/2013,1669.16
22/05/2013,1655.35
23/05/2013,1650.51
24/05/2013,1649.6
28/05/2013,1660.06
29/05/2013,1648.36
30/05/2013,1654.41
31/05/2013,1630.74
3/6/2013,1640.42
4/6/2013,1631.38
5/6/2013,1608.9
6/6/2013,1622.56
7/6/2013,1643.38
10/6/2013,1642.81
11/6/2013,1626.13
12/6/2013,1612.52
13/06/2013,1636.36
14/06/2013,1626.73
17/06/2013,1639.04
18/06/2013,1651.81
19/06/2013,1628.93
20/06/2013,1588.19
21/06/2013,1592.43
24/06/2013,1573.09
25/06/2013,1588.03
26/06/2013,1603.26
27/06/2013,1613.2
28/06/2013,1606.28
1/7/2013,1614.96
2/7/2013,1614.08
3/7/2013,1615.41
5/7/2013,1631.89
8/7/2013,1640.46
9/7/2013,1652.32
10/7/2013,1652.62
11/7/2013,1675.02
12/7/2013,1680.19
15/07/2013,1682.5
16/07/2013,1676.26
17/07/2013,1680.91
18/07/2013,1689.37
19/07/2013,1692.09
22/07/2013,1695.53
23/07/2013,1692.39
24/07/2013,1685.94
25/07/2013,1690.25
26/07/2013,1691.65
29/07/2013,1685.33
30/07/2013,1685.96
31/07/2013,1685.73
1/8/2013,1706.87
2/8/2013,1709.67
5/8/2013,1707.14
6/8/2013,1697.37
7/8/2013,1690.91
8/8/2013,1697.48
9/8/2013,1691.42
12/8/2013,1689.47
13/08/2013,1694.16
14/08/2013,1685.39
15/08/2013,1661.32
16/08/2013,1655.83
19/08/2013,1646.06
20/08/2013,1652.35
21/08/2013,1642.8
22/08/2013,1656.96
23/08/2013,1663.5
26/08/2013,1656.78
27/08/2013,1630.48
28/08/2013,1634.96
29/08/2013,1638.17
30/08/2013,1632.97
3/9/2013,1639.77
4/9/2013,1653.08
5/9/2013,1655.08
6/9/2013,1655.17
9/9/2013,1671.71
10/9/2013,1683.99
11/9/2013,1689.13
12/9/2013,1683.42
13/09/2013,1687.99
16/09/2013,1697.6
17/09/2013,1704.76
18/09/2013,1725.52
19/09/2013,1722.34
20/09/2013,1709.91
23/09/2013,1701.84
24/09/2013,1697.42
25/09/2013,1692.77
26/09/2013,1698.67
27/09/2013,1691.75
30/09/2013,1681.55
1/10/2013,1695
2/10/2013,1693.87
3/10/2013,1678.66
4/10/2013,1690.5
7/10/2013,1676.12
8/10/2013,1655.45
9/10/2013,1656.4
10/10/2013,1692.56
11/10/2013,1703.2
14/10/2013,1710.14
15/10/2013,1698.06
16/10/2013,1721.54
17/10/2013,1733.15
18/10/2013,1744.5
21/10/2013,1744.66
22/10/2013,1754.67
23/10/2013,1746.38
24/10/2013,1752.07
25/10/2013,1759.77
28/10/2013,1762.11
29/10/2013,1771.95
30/10/2013,1763.31
31/10/2013,1756.54
1/11/2013,1761.64
4/11/2013,1767.93
5/11/2013,1762.97
6/11/2013,1770.49
7/11/2013,1747.15
8/11/2013,1770.61
11/11/2013,1771.89
12/11/2013,1767.69
13/11/2013,1782
14/11/2013,1790.62
15/11/2013,1798.18
18/11/2013,1791.53
19/11/2013,1787.87
20/11/2013,1781.37
21/11/2013,1795.85
22/11/2013,1804.76
25/11/2013,1802.48
26/11/2013,1802.75
27/11/2013,1807.23
29/11/2013,1805.81
2/12/2013,1800.9
3/12/2013,1795.15
4/12/2013,1792.81
5/12/2013,1785.03
6/12/2013,1805.09
9/12/2013,1808.37
10/12/2013,1802.62
11/12/2013,1782.22
12/12/2013,1775.5
13/12/2013,1775.32
16/12/2013,1786.54
17/12/2013,1781
18/12/2013,1810.65
19/12/2013,1809.6
20/12/2013,1818.32
23/12/2013,1827.99
24/12/2013,1833.32
26/12/2013,1842.02
27/12/2013,1841.4
30/12/2013,1841.07
31/12/2013,1848.36
2/1/2014,1831.98
3/1/2014,1831.37
6/1/2014,1826.77
7/1/2014,1837.88
8/1/2014,1837.49
9/1/2014,1838.13
10/1/2014,1842.37
13/01/2014,1819.2
14/01/2014,1838.88
15/01/2014,1848.38
16/01/2014,1845.89
17/01/2014,1838.7
21/01/2014,1843.8
22/01/2014,1844.86
23/01/2014,1828.46
24/01/2014,1790.29
27/01/2014,1781.56
28/01/2014,1792.5
29/01/2014,1774.2
30/01/2014,1794.19
31/01/2014,1782.59
3/2/2014,1741.89
4/2/2014,1755.2
5/2/2014,1751.64
6/2/2014,1773.43
7/2/2014,1797.02
10/2/2014,1799.84
11/2/2014,1819.75
12/2/2014,1819.26
13/02/2014,1829.83
14/02/2014,1838.63
18/02/2014,1840.76
19/02/2014,1828.75
20/02/2014,1839.78
21/02/2014,1836.25
24/02/2014,1847.61
25/02/2014,1845.12
26/02/2014,1845.16
27/02/2014,1854.29
28/02/2014,1859.45
3/3/2014,1845.73
4/3/2014,1873.91
5/3/2014,1873.81
6/3/2014,1877.03
7/3/2014,1878.04
10/3/2014,1877.17
11/3/2014,1867.63
12/3/2014,1868.2
13/03/2014,1846.34
14/03/2014,1841.13
17/03/2014,1858.83
18/03/2014,1872.25
19/03/2014,1860.77
20/03/2014,1872.01
21/03/2014,1866.52
24/03/2014,1857.44
25/03/2014,1865.62
26/03/2014,1852.56
27/03/2014,1849.04
28/03/2014,1857.62
31/03/2014,1872.34
1/4/2014,1885.52
2/4/2014,1890.9
3/4/2014,1888.77
4/4/2014,1865.09
7/4/2014,1845.04
8/4/2014,1851.96
9/4/2014,1872.18
10/4/2014,1833.08
11/4/2014,1815.69
14/04/2014,1830.61
15/04/2014,1842.98
16/04/2014,1862.31
17/04/2014,1864.85
21/04/2014,1871.89
22/04/2014,1879.55
23/04/2014,1875.39
24/04/2014,1878.61
25/04/2014,1863.4
28/04/2014,1869.43
29/04/2014,1878.33
30/04/2014,1883.95
1/5/2014,1883.68
2/5/2014,1881.14
5/5/2014,1884.66
6/5/2014,1867.72
7/5/2014,1878.21
8/5/2014,1875.63
9/5/2014,1878.48
12/5/2014,1896.65
13/05/2014,1897.45
14/05/2014,1888.53
15/05/2014,1870.85
16/05/2014,1877.86
19/05/2014,1885.08
20/05/2014,1872.83
21/05/2014,1888.03
22/05/2014,1892.49
23/05/2014,1900.53
27/05/2014,1911.91
28/05/2014,1909.78
29/05/2014,1920.03
30/05/2014,1923.57
2/6/2014,1924.97
3/6/2014,1924.24
4/6/2014,1927.88
5/6/2014,1940.46
6/6/2014,1949.44
9/6/2014,1951.27
10/6/2014,1950.79
11/6/2014,1943.89
12/6/2014,1930.11
13/06/2014,1936.16
16/06/2014,1937.78
17/06/2014,1941.99
18/06/2014,1956.98
19/06/2014,1959.48
20/06/2014,1962.87
23/06/2014,1962.61
24/06/2014,1949.98
25/06/2014,1959.53
26/06/2014,1957.22
27/06/2014,1960.96
30/06/2014,1960.23
1/7/2014,1973.32
2/7/2014,1974.62
3/7/2014,1985.44
7/7/2014,1977.65
8/7/2014,1963.71
9/7/2014,1972.83
10/7/2014,1964.68
11/7/2014,1967.57
14/07/2014,1977.1
15/07/2014,1973.28
16/07/2014,1981.57
17/07/2014,1958.12
18/07/2014,1978.22
21/07/2014,1973.63
22/07/2014,1983.53
23/07/2014,1987.01
24/07/2014,1987.98
25/07/2014,1978.34
28/07/2014,1978.91
29/07/2014,1969.95
30/07/2014,1970.07
31/07/2014,1930.67
1/8/2014,1925.15
4/8/2014,1938.99
5/8/2014,1920.21
6/8/2014,1920.24
7/8/2014,1909.57
8/8/2014,1931.59
11/8/2014,1936.92
12/8/2014,1933.75
13/08/2014,1946.72
14/08/2014,1955.18
15/08/2014,1955.06
18/08/2014,1971.74
19/08/2014,1981.6
20/08/2014,1986.51
21/08/2014,1992.37
22/08/2014,1988.4
25/08/2014,1997.92
26/08/2014,2000.02
27/08/2014,2000.12
28/08/2014,1996.74
29/08/2014,2003.37
2/9/2014,2002.28
3/9/2014,2000.72
4/9/2014,1997.65
5/9/2014,2007.71
8/9/2014,2001.54
9/9/2014,1988.44
10/9/2014,1995.69
11/9/2014,1997.45
12/9/2014,1985.54
15/09/2014,1984.13
16/09/2014,1998.98
17/09/2014,2001.57
18/09/2014,2011.36
19/09/2014,2010.4
22/09/2014,1994.29
23/09/2014,1982.77
24/09/2014,1998.3
25/09/2014,1965.99
26/09/2014,1982.85
29/09/2014,1977.8
30/09/2014,1972.29
1/10/2014,1946.16
2/10/2014,1946.17
3/10/2014,1967.9
6/10/2014,1964.82
7/10/2014,1935.1
8/10/2014,1968.89
9/10/2014,1928.21
10/10/2014,1906.13
13/10/2014,1874.74
14/10/2014,1877.7
15/10/2014,1862.49
16/10/2014,1862.76
17/10/2014,1886.76
20/10/2014,1904.01
21/10/2014,1941.28
22/10/2014,1927.11
23/10/2014,1950.82
24/10/2014,1964.58
27/10/2014,1961.63
28/10/2014,1985.05
29/10/2014,1982.3
30/10/2014,1994.65
31/10/2014,2018.05
3/11/2014,2017.81
4/11/2014,2012.1
5/11/2014,2023.57
6/11/2014,2031.21
7/11/2014,2031.92
10/11/2014,2038.26
11/11/2014,2039.68
12/11/2014,2038.25
13/11/2014,2039.33
14/11/2014,2039.82
17/11/2014,2041.32
18/11/2014,2051.8
19/11/2014,2048.72
20/11/2014,2052.75
21/11/2014,2063.5
24/11/2014,2069.41
25/11/2014,2067.03
26/11/2014,2072.83
28/11/2014,2067.56
1/12/2014,2053.44
2/12/2014,2066.55
3/12/2014,2074.33
4/12/2014,2071.92
5/12/2014,2075.37
8/12/2014,2060.31
9/12/2014,2059.82
10/12/2014,2026.14
11/12/2014,2035.33
12/12/2014,2002.33
15/12/2014,1989.63
16/12/2014,1972.74
17/12/2014,2012.89
18/12/2014,2061.23
19/12/2014,2070.65
22/12/2014,2078.54
23/12/2014,2082.17
24/12/2014,2081.88
26/12/2014,2088.77
29/12/2014,2090.57
30/12/2014,2080.35
31/12/2014,2058.9
2/1/2015,2058.2
5/1/2015,2020.58
6/1/2015,2002.61
7/1/2015,2025.9
8/1/2015,2062.14
9/1/2015,2044.81
12/1/2015,2028.26
13/01/2015,2023.03
14/01/2015,2011.27
15/01/2015,1992.67
16/01/2015,2019.42
20/01/2015,2022.55
21/01/2015,2032.12
22/01/2015,2063.15
23/01/2015,2051.82
26/01/2015,2057.09
27/01/2015,2029.55
28/01/2015,2002.16
29/01/2015,2021.25
30/01/2015,1994.99
2/2/2015,2020.85
3/2/2015,2050.03
4/2/2015,2041.51
5/2/2015,2062.52
6/2/2015,2055.47
9/2/2015,2046.74
10/2/2015,2068.59
11/2/2015,2068.53
12/2/2015,2088.48
13/02/2015,2096.99
17/02/2015,2100.34
18/02/2015,2099.68
19/02/2015,2097.45
20/02/2015,2110.3
23/02/2015,2109.66
24/02/2015,2115.48
25/02/2015,2113.86
26/02/2015,2110.74
27/02/2015,2104.5
2/3/2015,2117.39
3/3/2015,2107.78
4/3/2015,2098.53
5/3/2015,2101.04
6/3/2015,2071.26
9/3/2015,2079.43
10/3/2015,2044.16
11/3/2015,2040.24
12/3/2015,2065.95
13/03/2015,2053.4
16/03/2015,2081.19
17/03/2015,2074.28
18/03/2015,2099.5
19/03/2015,2089.27
20/03/2015,2108.1
23/03/2015,2104.42
24/03/2015,2091.5
25/03/2015,2061.05
26/03/2015,2056.15
27/03/2015,2061.02
30/03/2015,2086.24
31/03/2015,2067.89
1/4/2015,2059.69
2/4/2015,2066.96
6/4/2015,2080.62
7/4/2015,2076.33
8/4/2015,2081.9
9/4/2015,2091.18
10/4/2015,2102.06
13/04/2015,2092.43
14/04/2015,2095.84
15/04/2015,2106.63
16/04/2015,2104.99
17/04/2015,2081.18
20/04/2015,2100.4
21/04/2015,2097.29
22/04/2015,2107.96
23/04/2015,2112.93
24/04/2015,2117.69
27/04/2015,2108.92
28/04/2015,2114.76
29/04/2015,2106.85
30/04/2015,2085.51
1/5/2015,2108.29
4/5/2015,2114.49
5/5/2015,2089.46
6/5/2015,2080.15
7/5/2015,2088
8/5/2015,2116.1
11/5/2015,2105.33
12/5/2015,2099.12
13/05/2015,2098.48
14/05/2015,2121.1
15/05/2015,2122.73
18/05/2015,2129.2
19/05/2015,2127.83
20/05/2015,2125.85
21/05/2015,2130.82
22/05/2015,2126.06
26/05/2015,2104.2
27/05/2015,2123.48
28/05/2015,2120.79
29/05/2015,2107.39
1/6/2015,2111.73
2/6/2015,2109.6
3/6/2015,2114.07
4/6/2015,2095.84
5/6/2015,2092.83
8/6/2015,2079.28
9/6/2015,2080.15
10/6/2015,2105.2
11/6/2015,2108.86
12/6/2015,2094.11
15/06/2015,2084.43
16/06/2015,2096.29
17/06/2015,2100.44
18/06/2015,2121.24
19/06/2015,2109.99
22/06/2015,2122.85
23/06/2015,2124.2
24/06/2015,2108.58
25/06/2015,2102.31
26/06/2015,2101.49
29/06/2015,2057.64
30/06/2015,2063.11
1/7/2015,2077.42
2/7/2015,2076.78
6/7/2015,2068.76
7/7/2015,2081.34
8/7/2015,2046.68
9/7/2015,2051.31
10/7/2015,2076.62
13/07/2015,2099.6
14/07/2015,2108.95
15/07/2015,2107.4
16/07/2015,2124.29
17/07/2015,2126.64
20/07/2015,2128.28
21/07/2015,2119.21
22/07/2015,2114.15
23/07/2015,2102.15
24/07/2015,2079.65
27/07/2015,2067.64
28/07/2015,2093.25
29/07/2015,2108.57
30/07/2015,2108.63
31/07/2015,2103.84
3/8/2015,2098.04
4/8/2015,2093.32
5/8/2015,2099.84
6/8/2015,2083.56
7/8/2015,2077.57
10/8/2015,2104.18
11/8/2015,2084.07
12/8/2015,2086.05
13/08/2015,2083.39
14/08/2015,2091.54
17/08/2015,2102.44
18/08/2015,2096.92
19/08/2015,2079.61
20/08/2015,2035.73
21/08/2015,1970.89
24/08/2015,1893.21
25/08/2015,1867.61
26/08/2015,1940.51
27/08/2015,1987.66
28/08/2015,1988.87
31/08/2015,1972.18
1/9/2015,1913.85
2/9/2015,1948.86
3/9/2015,1951.13
4/9/2015,1921.22
8/9/2015,1969.41
9/9/2015,1942.04
10/9/2015,1952.29
11/9/2015,1961.05
14/09/2015,1953.03
15/09/2015,1978.09
16/09/2015,1995.31
17/09/2015,1990.2
18/09/2015,1958.03
21/09/2015,1966.97
22/09/2015,1942.74
23/09/2015,1938.76
24/09/2015,1932.24
25/09/2015,1931.34
28/09/2015,1881.77
29/09/2015,1884.09
30/09/2015,1920.03
1/10/2015,1923.82
2/10/2015,1951.36
5/10/2015,1987.05
6/10/2015,1979.92
7/10/2015,1995.83
8/10/2015,2013.43
9/10/2015,2014.89
12/10/2015,2017.46
13/10/2015,2003.69
14/10/2015,1994.24
15/10/2015,2023.86
16/10/2015,2033.11
19/10/2015,2033.66
20/10/2015,2030.77
21/10/2015,2018.94
22/10/2015,2052.51
23/10/2015,2075.15
26/10/2015,2071.18
27/10/2015,2065.89
28/10/2015,2090.35
29/10/2015,2089.41
30/10/2015,2079.36
2/11/2015,2104.05
3/11/2015,2109.79
4/11/2015,2102.31
5/11/2015,2099.93
6/11/2015,2099.2
9/11/2015,2078.58
10/11/2015,2081.72
11/11/2015,2075
12/11/2015,2045.97
13/11/2015,2023.04
16/11/2015,2053.19
17/11/2015,2050.44
18/11/2015,2083.58
19/11/2015,2081.24
20/11/2015,2089.17
23/11/2015,2086.59
24/11/2015,2089.14
25/11/2015,2088.87
27/11/2015,2090.11
30/11/2015,2080.41
1/12/2015,2102.63
2/12/2015,2079.51
3/12/2015,2049.62
4/12/2015,2091.69
7/12/2015,2077.07
8/12/2015,2063.59
9/12/2015,2047.62
10/12/2015,2052.23
11/12/2015,2012.37
14/12/2015,2021.94
15/12/2015,2043.41
16/12/2015,2073.07
17/12/2015,2041.89
18/12/2015,2005.55
21/12/2015,2021.15
22/12/2015,2038.97
23/12/2015,2064.29
24/12/2015,2060.99
28/12/2015,2056.5
29/12/2015,2078.36
30/12/2015,2063.36
31/12/2015,2043.94
4/1/2016,2012.66
5/1/2016,2016.71
6/1/2016,1990.26
7/1/2016,1943.09
8/1/2016,1922.03
11/1/2016,1923.67
12/1/2016,1938.68
13/01/2016,1890.28
14/01/2016,1921.84
15/01/2016,1880.33
19/01/2016,1881.33
20/01/2016,1859.33
21/01/2016,1868.99
22/01/2016,1906.9
25/01/2016,1877.08
26/01/2016,1903.63
27/01/2016,1882.95
28/01/2016,1893.36
29/01/2016,1940.24
1/2/2016,1939.38
2/2/2016,1903.03
3/2/2016,1912.53
4/2/2016,1915.45
5/2/2016,1880.05
8/2/2016,1853.44
9/2/2016,1852.21
10/2/2016,1851.86
11/2/2016,1829.08
12/2/2016,1864.78
16/02/2016,1895.58
17/02/2016,1926.82
18/02/2016,1917.83
19/02/2016,1917.78
22/02/2016,1945.5
23/02/2016,1921.27
24/02/2016,1929.8
25/02/2016,1951.7
26/02/2016,1948.05
29/02/2016,1932.23
1/3/2016,1978.35
2/3/2016,1986.45
3/3/2016,1993.4
4/3/2016,1999.99
7/3/2016,2001.76
8/3/2016,1979.26
9/3/2016,1989.26
10/3/2016,1989.57
11/3/2016,2022.19
14/03/2016,2019.64
15/03/2016,2015.93
16/03/2016,2027.22
17/03/2016,2040.59
18/03/2016,2049.58
21/03/2016,2051.6
22/03/2016,2049.8
23/03/2016,2036.71
24/03/2016,2035.94
28/03/2016,2037.05
29/03/2016,2055.01
30/03/2016,2063.95
31/03/2016,2059.74
1/4/2016,2072.78
4/4/2016,2066.13
5/4/2016,2045.17
6/4/2016,2066.66
7/4/2016,2041.91
8/4/2016,2047.6
11/4/2016,2041.99
12/4/2016,2061.72
13/04/2016,2082.42
14/04/2016,2082.78
15/04/2016,2080.73
18/04/2016,2094.34
19/04/2016,2100.8
20/04/2016,2102.4
21/04/2016,2091.48
22/04/2016,2091.58
25/04/2016,2087.79
26/04/2016,2091.7
27/04/2016,2095.15
28/04/2016,2075.81
29/04/2016,2065.3
2/5/2016,2081.43
3/5/2016,2063.37
4/5/2016,2051.12
5/5/2016,2050.63
6/5/2016,2057.14
9/5/2016,2058.69
10/5/2016,2084.39
11/5/2016,2064.46
12/5/2016,2064.11
13/05/2016,2046.61
16/05/2016,2066.66
17/05/2016,2047.21
18/05/2016,2047.63
19/05/2016,2040.04
20/05/2016,2052.32
23/05/2016,2048.04
24/05/2016,2076.06
25/05/2016,2090.54
26/05/2016,2090.1
27/05/2016,2099.06
31/05/2016,2096.96
1/6/2016,2099.33
2/6/2016,2105.26
3/6/2016,2099.13
6/6/2016,2109.41
7/6/2016,2112.13
8/6/2016,2119.12
9/6/2016,2115.48
10/6/2016,2096.07
13/06/2016,2079.06
14/06/2016,2075.32
15/06/2016,2071.5
16/06/2016,2077.99
17/06/2016,2071.22
20/06/2016,2083.25
21/06/2016,2088.9
22/06/2016,2085.45
23/06/2016,2113.32
24/06/2016,2037.41
27/06/2016,2000.54
28/06/2016,2036.09
29/06/2016,2070.77
30/06/2016,2098.86
1/7/2016,2102.95
5/7/2016,2088.55
6/7/2016,2099.73
7/7/2016,2097.9
8/7/2016,2129.9
11/7/2016,2137.16
12/7/2016,2152.14
13/07/2016,2152.43
14/07/2016,2163.75
15/07/2016,2161.74
18/07/2016,2166.89
19/07/2016,2163.78
20/07/2016,2173.02
21/07/2016,2165.17
22/07/2016,2175.03
25/07/2016,2168.48
26/07/2016,2169.18
27/07/2016,2166.58
28/07/2016,2170.06
29/07/2016,2173.6
1/8/2016,2170.84
2/8/2016,2157.03
3/8/2016,2163.79
4/8/2016,2164.25
5/8/2016,2182.87
8/8/2016,2180.89
9/8/2016,2181.74
10/8/2016,2175.49
11/8/2016,2185.79
12/8/2016,2184.05
15/08/2016,2190.15
16/08/2016,2178.15
17/08/2016,2182.22
18/08/2016,2187.02
19/08/2016,2183.87
22/08/2016,2182.64
23/08/2016,2186.9
24/08/2016,2175.44
25/08/2016,2172.47
26/08/2016,2169.04
29/08/2016,2180.38
30/08/2016,2176.12
31/08/2016,2170.95
1/9/2016,2170.86
2/9/2016,2179.98
6/9/2016,2186.48
7/9/2016,2186.16
8/9/2016,2181.3
9/9/2016,2127.81
12/9/2016,2159.04
13/09/2016,2127.02
14/09/2016,2125.77
15/09/2016,2147.26
16/09/2016,2139.16
19/09/2016,2139.12
20/09/2016,2139.76
21/09/2016,2163.12
22/09/2016,2177.18
23/09/2016,2164.69
26/09/2016,2146.1
27/09/2016,2159.93
28/09/2016,2171.37
29/09/2016,2151.13
30/09/2016,2168.27
3/10/2016,2161.2
4/10/2016,2150.49
5/10/2016,2159.73
6/10/2016,2160.77
7/10/2016,2153.74
10/10/2016,2163.66
11/10/2016,2136.73
12/10/2016,2139.18
13/10/2016,2132.55
14/10/2016,2132.98
17/10/2016,2126.5
18/10/2016,2139.6
19/10/2016,2144.29
20/10/2016,2141.34
21/10/2016,2141.16
24/10/2016,2151.33
25/10/2016,2143.16
26/10/2016,2139.43
27/10/2016,2133.04
28/10/2016,2126.41
31/10/2016,2126.15
1/11/2016,2111.72
2/11/2016,2097.94
3/11/2016,2088.66
4/11/2016,2085.18
7/11/2016,2131.52
8/11/2016,2139.56
9/11/2016,2163.26
10/11/2016,2167.48
11/11/2016,2164.45
14/11/2016,2164.2
15/11/2016,2180.39
16/11/2016,2176.94
17/11/2016,2187.12
18/11/2016,2181.9
21/11/2016,2198.18
22/11/2016,2202.94
23/11/2016,2204.72
25/11/2016,2213.35
28/11/2016,2201.72
29/11/2016,2204.66
30/11/2016,2198.81
1/12/2016,2191.08
2/12/2016,2191.95
5/12/2016,2204.71
6/12/2016,2212.23
7/12/2016,2241.35
8/12/2016,2246.19
9/12/2016,2259.53
12/12/2016,2256.96
13/12/2016,2271.72
14/12/2016,2253.28
15/12/2016,2262.03
16/12/2016,2258.07
19/12/2016,2262.53
20/12/2016,2270.76
21/12/2016,2265.18
22/12/2016,2260.96
23/12/2016,2263.79
27/12/2016,2268.88
28/12/2016,2249.92
29/12/2016,2249.26
30/12/2016,2238.83
3/1/2017,2257.83
4/1/2017,2270.75
5/1/2017,2269
6/1/2017,2276.98
9/1/2017,2268.9
10/1/2017,2268.9
11/1/2017,2275.32
12/1/2017,2270.44
13/01/2017,2274.64
17/01/2017,2267.89
18/01/2017,2271.89
19/01/2017,2263.69
20/01/2017,2271.31
23/01/2017,2265.2
24/01/2017,2280.07
25/01/2017,2298.37
26/01/2017,2296.68
27/01/2017,2294.69
30/01/2017,2280.9
31/01/2017,2278.87
1/2/2017,2279.55
2/2/2017,2280.85
3/2/2017,2297.42
6/2/2017,2292.56
7/2/2017,2293.08
8/2/2017,2294.67
9/2/2017,2307.87
10/2/2017,2316.1
13/02/2017,2328.25
14/02/2017,2337.58
15/02/2017,2349.25
16/02/2017,2347.22
17/02/2017,2351.16
21/02/2017,2365.38
22/02/2017,2362.82
23/02/2017,2363.81
24/02/2017,2367.34
27/02/2017,2369.75
28/02/2017,2363.64
1/3/2017,2395.96
2/3/2017,2381.92
3/3/2017,2383.12
6/3/2017,2375.31
7/3/2017,2368.39
8/3/2017,2362.98
9/3/2017,2364.87
10/3/2017,2372.6
13/03/2017,2373.47
14/03/2017,2365.45
15/03/2017,2385.26
16/03/2017,2381.38
17/03/2017,2378.25
20/03/2017,2373.47
21/03/2017,2344.02
22/03/2017,2348.45
23/03/2017,2345.96
24/03/2017,2343.98
27/03/2017,2341.59
28/03/2017,2358.57
29/03/2017,2361.13
30/03/2017,2368.06
31/03/2017,2362.72
3/4/2017,2358.84
4/4/2017,2360.16
5/4/2017,2352.95
6/4/2017,2357.49
7/4/2017,2355.54
10/4/2017,2357.16
11/4/2017,2353.78
12/4/2017,2344.93
13/04/2017,2328.95
17/04/2017,2349.01
18/04/2017,2342.19
19/04/2017,2338.17
20/04/2017,2355.84
21/04/2017,2348.69
24/04/2017,2374.15
25/04/2017,2388.61
26/04/2017,2387.45
27/04/2017,2388.77
28/04/2017,2384.2
1/5/2017,2388.33
2/5/2017,2391.17
3/5/2017,2388.13
4/5/2017,2389.52
5/5/2017,2399.29
8/5/2017,2399.38
9/5/2017,2396.92
10/5/2017,2399.63
11/5/2017,2394.44
12/5/2017,2390.9
15/05/2017,2402.32
16/05/2017,2400.67
17/05/2017,2357.03
18/05/2017,2365.72
19/05/2017,2381.73
22/05/2017,2394.02
23/05/2017,2398.42
24/05/2017,2404.39
25/05/2017,2415.07
26/05/2017,2415.82
30/05/2017,2412.91
31/05/2017,2411.8
1/6/2017,2430.06
2/6/2017,2439.07
5/6/2017,2436.1
6/6/2017,2429.33
7/6/2017,2433.14
8/6/2017,2433.79
9/6/2017,2431.77
12/6/2017,2429.39
13/06/2017,2440.35
14/06/2017,2437.92
15/06/2017,2432.46
16/06/2017,2433.15
19/06/2017,2453.46
20/06/2017,2437.03
21/06/2017,2435.61
22/06/2017,2434.5
23/06/2017,2438.3
26/06/2017,2439.07
27/06/2017,2419.38
28/06/2017,2440.69
29/06/2017,2419.7
30/06/2017,2423.41
3/7/2017,2429.01
5/7/2017,2432.54
6/7/2017,2409.75
7/7/2017,2425.18
10/7/2017,2427.43
11/7/2017,2425.53
12/7/2017,2443.25
13/07/2017,2447.83
14/07/2017,2459.27
17/07/2017,2459.14
18/07/2017,2460.61
19/07/2017,2473.83
20/07/2017,2473.45
21/07/2017,2472.54
24/07/2017,2469.91
25/07/2017,2477.13
26/07/2017,2477.83
27/07/2017,2475.42
28/07/2017,2472.1
31/07/2017,2470.3
1/8/2017,2476.35
2/8/2017,2477.57
3/8/2017,2472.16
4/8/2017,2476.83
7/8/2017,2480.91
8/8/2017,2474.92
9/8/2017,2474.02
10/8/2017,2438.21
11/8/2017,2441.32
14/08/2017,2465.84
15/08/2017,2464.61
16/08/2017,2468.11
17/08/2017,2430.01
18/08/2017,2425.55
21/08/2017,2428.37
22/08/2017,2452.51
23/08/2017,2444.04
24/08/2017,2438.97
25/08/2017,2443.05
28/08/2017,2444.24
29/08/2017,2446.3
30/08/2017,2457.59
31/08/2017,2471.65
1/9/2017,2476.55
5/9/2017,2457.85
6/9/2017,2465.54
7/9/2017,2465.1
8/9/2017,2461.43
11/9/2017,2488.11
12/9/2017,2496.48
13/09/2017,2498.37
14/09/2017,2495.62
15/09/2017,2500.23
18/09/2017,2503.87
19/09/2017,2506.65
20/09/2017,2508.24
21/09/2017,2500.6
22/09/2017,2502.22
25/09/2017,2496.66
26/09/2017,2496.84
27/09/2017,2507.04
28/09/2017,2510.06
29/09/2017,2519.36
2/10/2017,2529.12
3/10/2017,2534.58
4/10/2017,2537.74
5/10/2017,2552.07
6/10/2017,2549.33
9/10/2017,2544.73
10/10/2017,2550.64
11/10/2017,2555.24
12/10/2017,2550.93
13/10/2017,2553.17
16/10/2017,2557.64
17/10/2017,2559.36
18/10/2017,2561.26
19/10/2017,2562.1
20/10/2017,2575.21
23/10/2017,2564.98
24/10/2017,2569.13
25/10/2017,2557.15
26/10/2017,2560.4
27/10/2017,2581.07
30/10/2017,2572.83
31/10/2017,2575.26
1/11/2017,2579.36
2/11/2017,2579.85
3/11/2017,2587.84
6/11/2017,2591.13
7/11/2017,2590.64
8/11/2017,2594.38
9/11/2017,2584.62
10/11/2017,2582.3
13/11/2017,2584.84
14/11/2017,2578.87
15/11/2017,2564.62
16/11/2017,2585.64
17/11/2017,2578.85
20/11/2017,2582.14
21/11/2017,2599.03
22/11/2017,2597.08
24/11/2017,2602.42
27/11/2017,2601.42
28/11/2017,2627.04
29/11/2017,2626.07
30/11/2017,2647.58
1/12/2017,2642.22
4/12/2017,2639.44
5/12/2017,2629.57
6/12/2017,2629.27
7/12/2017,2636.98
8/12/2017,2651.5
11/12/2017,2659.99
12/12/2017,2664.11
13/12/2017,2662.85
14/12/2017,2652.01
15/12/2017,2675.81
18/12/2017,2690.16
19/12/2017,2681.47
20/12/2017,2679.25
21/12/2017,2684.57
22/12/2017,2683.34
26/12/2017,2680.5
27/12/2017,2682.62
28/12/2017,2687.54
29/12/2017,2673.61
2/1/2018,2695.81
3/1/2018,2713.06
4/1/2018,2723.99
5/1/2018,2743.15
8/1/2018,2747.71
9/1/2018,2751.29
10/1/2018,2748.23
11/1/2018,2767.56
12/1/2018,2786.24
16/01/2018,2776.42
17/01/2018,2802.56
18/01/2018,2798.03
19/01/2018,2810.3
22/01/2018,2832.97
23/01/2018,2839.13
24/01/2018,2837.54
25/01/2018,2839.25
26/01/2018,2872.87
29/01/2018,2853.53
30/01/2018,2822.43
31/01/2018,2823.81
1/2/2018,2821.98
2/2/2018,2762.13
5/2/2018,2648.94
6/2/2018,2695.14
7/2/2018,2681.66
8/2/2018,2581
9/2/2018,2619.55
12/2/2018,2656
13/02/2018,2662.94
14/02/2018,2698.63
15/02/2018,2731.2
16/02/2018,2732.22
20/02/2018,2716.26
21/02/2018,2701.33
22/02/2018,2703.96
23/02/2018,2747.3
26/02/2018,2779.6
27/02/2018,2744.28
28/02/2018,2713.83
1/3/2018,2677.67
2/3/2018,2691.25
5/3/2018,2720.94
6/3/2018,2728.12
7/3/2018,2726.8
8/3/2018,2738.97
9/3/2018,2786.57
12/3/2018,2783.02
13/03/2018,2765.31
14/03/2018,2749.48
15/03/2018,2747.33
16/03/2018,2752.01
19/03/2018,2712.92
20/03/2018,2716.94
21/03/2018,2711.93
22/03/2018,2643.69
23/03/2018,2588.26
26/03/2018,2658.55
27/03/2018,2612.62
28/03/2018,2605
29/03/2018,2640.87
2/4/2018,2581.88
3/4/2018,2614.45
4/4/2018,2644.69
5/4/2018,2662.84
6/4/2018,2604.47
9/4/2018,2613.16
10/4/2018,2656.87
11/4/2018,2642.19
12/4/2018,2663.99
13/04/2018,2656.3
16/04/2018,2677.84
17/04/2018,2706.39
18/04/2018,2708.64
19/04/2018,2693.13
20/04/2018,2670.14
23/04/2018,2670.29
24/04/2018,2634.56
25/04/2018,2639.4
26/04/2018,2666.94
27/04/2018,2669.91
30/04/2018,2648.05
1/5/2018,2654.8
2/5/2018,2635.67
3/5/2018,2629.73
4/5/2018,2663.42
7/5/2018,2672.63
8/5/2018,2671.92
9/5/2018,2697.79
10/5/2018,2723.07
11/5/2018,2727.72
14/05/2018,2730.13
15/05/2018,2711.45
16/05/2018,2722.46
17/05/2018,2720.13
18/05/2018,2712.97
21/05/2018,2733.01
22/05/2018,2724.44
23/05/2018,2733.29
24/05/2018,2727.76
25/05/2018,2721.33
29/05/2018,2689.86
30/05/2018,2724.01
31/05/2018,2705.27
1/6/2018,2734.62
4/6/2018,2746.87
5/6/2018,2748.8
6/6/2018,2772.35
7/6/2018,2770.37
8/6/2018,2779.03
11/6/2018,2782
12/6/2018,2786.85
13/06/2018,2775.63
14/06/2018,2782.49
15/06/2018,2779.66
18/06/2018,2773.75
19/06/2018,2762.59
20/06/2018,2767.32
21/06/2018,2749.76
22/06/2018,2754.88
25/06/2018,2717.07
26/06/2018,2723.06
27/06/2018,2699.63
28/06/2018,2716.31
29/06/2018,2718.37
2/7/2018,2726.71
3/7/2018,2713.22
5/7/2018,2736.61
6/7/2018,2759.82
9/7/2018,2784.17
10/7/2018,2793.84
11/7/2018,2774.02
12/7/2018,2798.29
13/07/2018,2801.31
16/07/2018,2798.43
17/07/2018,2809.55
18/07/2018,2815.62
19/07/2018,2804.49
20/07/2018,2801.83
23/07/2018,2806.98
24/07/2018,2820.4
25/07/2018,2846.07
26/07/2018,2837.44
27/07/2018,2818.82
30/07/2018,2802.6
31/07/2018,2816.29
1/8/2018,2813.36
2/8/2018,2827.22
3/8/2018,2840.35
6/8/2018,2850.4
7/8/2018,2858.45
8/8/2018,2857.7
9/8/2018,2853.58
10/8/2018,2833.28
13/08/2018,2821.93
14/08/2018,2839.96
15/08/2018,2818.37
16/08/2018,2840.69
17/08/2018,2850.13
20/08/2018,2857.05
21/08/2018,2862.96
22/08/2018,2861.82
23/08/2018,2856.98
24/08/2018,2874.69
27/08/2018,2896.74
28/08/2018,2897.52
29/08/2018,2914.04
30/08/2018,2901.13
31/08/2018,2901.52
4/9/2018,2896.72
5/9/2018,2888.6
6/9/2018,2878.05
7/9/2018,2871.68
10/9/2018,2877.13
11/9/2018,2887.89
12/9/2018,2888.92
13/09/2018,2904.18
14/09/2018,2904.98
17/09/2018,2888.8
18/09/2018,2904.31
19/09/2018,2907.95
20/09/2018,2930.75
21/09/2018,2929.67
24/09/2018,2919.37
25/09/2018,2915.56
26/09/2018,2905.97
27/09/2018,2914
28/09/2018,2913.98
1/10/2018,2924.59
2/10/2018,2923.43
3/10/2018,2925.51
4/10/2018,2901.61
5/10/2018,2885.57
8/10/2018,2884.43
9/10/2018,2880.34
10/10/2018,2785.68
11/10/2018,2728.37
12/10/2018,2767.13
15/10/2018,2750.79
16/10/2018,2809.92
17/10/2018,2809.21
18/10/2018,2768.78
19/10/2018,2767.78
22/10/2018,2755.88
23/10/2018,2740.69
24/10/2018,2656.1
25/10/2018,2705.57
26/10/2018,2658.69
29/10/2018,2641.25
30/10/2018,2682.63
31/10/2018,2711.74
1/11/2018,2740.37
2/11/2018,2723.06
5/11/2018,2738.31
6/11/2018,2755.45
7/11/2018,2813.89
8/11/2018,2806.83
9/11/2018,2781.01
12/11/2018,2726.22
13/11/2018,2722.18
14/11/2018,2701.58
15/11/2018,2730.2
16/11/2018,2736.27
19/11/2018,2690.73
20/11/2018,2641.89
21/11/2018,2649.93
23/11/2018,2632.56
26/11/2018,2673.45
27/11/2018,2682.17
28/11/2018,2743.79
29/11/2018,2737.76
30/11/2018,2760.17
3/12/2018,2790.37
4/12/2018,2700.06
6/12/2018,2695.95
7/12/2018,2633.08
10/12/2018,2637.72
11/12/2018,2636.78
12/12/2018,2651.07
13/12/2018,2650.54
14/12/2018,2599.95
17/12/2018,2545.94
18/12/2018,2546.16
19/12/2018,2506.96
20/12/2018,2467.42
21/12/2018,2416.62
24/12/2018,2351.1
26/12/2018,2467.7
27/12/2018,2488.83
28/12/2018,2485.74
31/12/2018,2506.85
2/1/2019,2510.03
3/1/2019,2447.89
4/1/2019,2531.94
7/1/2019,2549.69
8/1/2019,2574.41
9/1/2019,2584.96
10/1/2019,2596.64
11/1/2019,2596.26
14/01/2019,2582.61
15/01/2019,2610.3
16/01/2019,2616.1
17/01/2019,2635.96
18/01/2019,2670.71
22/01/2019,2632.9
23/01/2019,2638.7
24/01/2019,2642.33
25/01/2019,2664.76
28/01/2019,2643.85
29/01/2019,2640
30/01/2019,2681.05
31/01/2019,2704.1
1/2/2019,2706.53
4/2/2019,2724.87
5/2/2019,2737.7
6/2/2019,2731.61
7/2/2019,2706.05
8/2/2019,2707.88
11/2/2019,2709.8
12/2/2019,2744.73
13/02/2019,2753.03
14/02/2019,2745.73
15/02/2019,2775.6
19/02/2019,2779.76
20/02/2019,2784.7
21/02/2019,2774.88
22/02/2019,2792.67
25/02/2019,2796.11
26/02/2019,2793.9
27/02/2019,2792.38
28/02/2019,2784.49
1/3/2019,2803.69
4/3/2019,2792.81
5/3/2019,2789.65
6/3/2019,2771.45
7/3/2019,2748.93
8/3/2019,2743.07
11/3/2019,2783.3
12/3/2019,2791.52
13/03/2019,2810.92
14/03/2019,2808.48
15/03/2019,2822.48
18/03/2019,2832.94
19/03/2019,2832.57
20/03/2019,2824.23
21/03/2019,2854.88
22/03/2019,2800.71
25/03/2019,2798.36
26/03/2019,2818.46
27/03/2019,2805.37
28/03/2019,2815.44
29/03/2019,2834.4
1/4/2019,2867.19
2/4/2019,2867.24
3/4/2019,2873.4
4/4/2019,2879.39
5/4/2019,2892.74
8/4/2019,2895.77
9/4/2019,2878.2
10/4/2019,2888.21
11/4/2019,2888.32
12/4/2019,2907.41
15/04/2019,2905.58
16/04/2019,2907.06
17/04/2019,2900.45
18/04/2019,2905.03
22/04/2019,2907.97
23/04/2019,2933.68
24/04/2019,2927.25
25/04/2019,2926.17
26/04/2019,2939.88
29/04/2019,2943.03
30/04/2019,2945.83
1/5/2019,2923.73
2/5/2019,2917.52
3/5/2019,2945.64
6/5/2019,2932.47
7/5/2019,2884.05
8/5/2019,2879.42
9/5/2019,2870.72
10/5/2019,2881.4
13/05/2019,2811.87
14/05/2019,2834.41
15/05/2019,2850.96
16/05/2019,2876.32
17/05/2019,2859.53
20/05/2019,2840.23
21/05/2019,2864.36
22/05/2019,2856.27
23/05/2019,2822.24
24/05/2019,2826.06
28/05/2019,2802.39
29/05/2019,2783.02
30/05/2019,2788.86
31/05/2019,2752.06
3/6/2019,2744.45
4/6/2019,2803.27
5/6/2019,2826.15
6/6/2019,2843.49
7/6/2019,2873.34
10/6/2019,2886.73
11/6/2019,2885.72
12/6/2019,2879.84
13/06/2019,2891.64
14/06/2019,2886.98
17/06/2019,2889.67
18/06/2019,2917.75
19/06/2019,2926.46
20/06/2019,2954.18
21/06/2019,2950.46
24/06/2019,2945.35
25/06/2019,2917.38
26/06/2019,2913.78
27/06/2019,2924.92
28/06/2019,2941.76
1/7/2019,2964.33
2/7/2019,2973.01
3/7/2019,2995.82
5/7/2019,2990.41
8/7/2019,2975.95
9/7/2019,2979.63
10/7/2019,2993.07
11/7/2019,2999.91
12/7/2019,3013.77
15/07/2019,3014.3
16/07/2019,3004.04
17/07/2019,2984.42
18/07/2019,2995.11
19/07/2019,2976.61
22/07/2019,2985.03
23/07/2019,3005.47
24/07/2019,3019.56
25/07/2019,3003.67
26/07/2019,3025.86
29/07/2019,3020.97
30/07/2019,3013.18
31/07/2019,2980.38
1/8/2019,2953.56
2/8/2019,2932.05
5/8/2019,2844.74
6/8/2019,2881.77
7/8/2019,2883.98
8/8/2019,2938.09
9/8/2019,2918.65
12/8/2019,2883.09
13/08/2019,2926.32
14/08/2019,2840.6
15/08/2019,2847.6
16/08/2019,2888.68
19/08/2019,2923.65
20/08/2019,2900.51
21/08/2019,2924.43
22/08/2019,2922.95
23/08/2019,2847.11
26/08/2019,2878.38
27/08/2019,2869.16
28/08/2019,2887.94
29/08/2019,2924.58
30/08/2019,2926.46
3/9/2019,2906.27
4/9/2019,2937.78
5/9/2019,2976
6/9/2019,2978.71
9/9/2019,2978.43
10/9/2019,2979.39
11/9/2019,3000.93
12/9/2019,3009.57
13/09/2019,3007.39
16/09/2019,2997.96
17/09/2019,3005.7
18/09/2019,3006.73
19/09/2019,3006.79
20/09/2019,2992.07
23/09/2019,2991.78
24/09/2019,2966.6
25/09/2019,2984.87
26/09/2019,2977.62
27/09/2019,2961.79
30/09/2019,2976.74
1/10/2019,2940.25
2/10/2019,2887.61
3/10/2019,2910.63
4/10/2019,2952.01
7/10/2019,2938.79
8/10/2019,2893.06
9/10/2019,2919.4
10/10/2019,2938.13
11/10/2019,2970.27
14/10/2019,2966.15
15/10/2019,2995.68
16/10/2019,2989.69
17/10/2019,2997.95
18/10/2019,2986.2
21/10/2019,3006.72
22/10/2019,2995.99
23/10/2019,3004.52
24/10/2019,3010.29
25/10/2019,3022.55
28/10/2019,3039.42
29/10/2019,3036.89
30/10/2019,3046.77
31/10/2019,3037.56
1/11/2019,3066.91
4/11/2019,3078.27
5/11/2019,3074.62
6/11/2019,3076.78
7/11/2019,3085.18
8/11/2019,3093.08
11/11/2019,3087.01
12/11/2019,3091.84
13/11/2019,3094.04
14/11/2019,3096.63
15/11/2019,3120.46
18/11/2019,3122.03
19/11/2019,3120.18
20/11/2019,3108.46
21/11/2019,3103.54
22/11/2019,3110.29
25/11/2019,3133.64
26/11/2019,3140.52
27/11/2019,3153.63
29/11/2019,3140.98
2/12/2019,3113.87
3/12/2019,3093.2
4/12/2019,3112.76
5/12/2019,3117.43
6/12/2019,3145.91
9/12/2019,3135.96
10/12/2019,3132.52
11/12/2019,3141.63
12/12/2019,3168.57
13/12/2019,3168.8
16/12/2019,3191.45
17/12/2019,3192.52
18/12/2019,3191.14
19/12/2019,3205.37
20/12/2019,3221.22
23/12/2019,3224.01
24/12/2019,3223.38
26/12/2019,3239.91
27/12/2019,3240.02
30/12/2019,3221.29
31/12/2019,3230.78
2/1/2020,3257.85
3/1/2020,3234.85
6/1/2020,3246.28
7/1/2020,3237.18
8/1/2020,3253.05
9/1/2020,3274.7
10/1/2020,3265.35
13/01/2020,3288.13
14/01/2020,3283.15
15/01/2020,3289.29
16/01/2020,3316.81
17/01/2020,3329.62
21/01/2020,3320.79
22/01/2020,3321.75
23/01/2020,3325.54
24/01/2020,3295.47
27/01/2020,3243.63
28/01/2020,3276.24
29/01/2020,3273.4
30/01/2020,3283.66
31/01/2020,3225.52
3/2/2020,3248.92
4/2/2020,3297.59
5/2/2020,3334.69
6/2/2020,3345.78
7/2/2020,3327.71
10/2/2020,3352.09
11/2/2020,3357.75
12/2/2020,3379.45
13/02/2020,3373.94
14/02/2020,3380.16
18/02/2020,3370.29
19/02/2020,3386.15
20/02/2020,3373.23
21/02/2020,3337.75
24/02/2020,3225.89
25/02/2020,3128.21
26/02/2020,3116.39
27/02/2020,2978.76
28/02/2020,2954.22
2/3/2020,3090.23
3/3/2020,3003.37
4/3/2020,3130.12
5/3/2020,3023.94
6/3/2020,2972.37
9/3/2020,2746.56
10/3/2020,2882.23
11/3/2020,2741.38
12/3/2020,2480.64
13/03/2020,2711.02
16/03/2020,2386.13
17/03/2020,2529.19
18/03/2020,2398.1
19/03/2020,2409.39
20/03/2020,2304.92
23/03/2020,2237.4
24/03/2020,2447.33
25/03/2020,2475.56
26/03/2020,2630.07
27/03/2020,2541.47
30/03/2020,2626.65
31/03/2020,2584.59
1/4/2020,2470.5
2/4/2020,2526.9
3/4/2020,2488.65
6/4/2020,2663.68
7/4/2020,2659.41
8/4/2020,2749.98
9/4/2020,2789.82
13/04/2020,2761.63
14/04/2020,2846.06
15/04/2020,2783.36
16/04/2020,2799.55
17/04/2020,2874.56
20/04/2020,2823.16
21/04/2020,2736.56
22/04/2020,2799.31
23/04/2020,2797.8
24/04/2020,2836.74
27/04/2020,2878.48
28/04/2020,2863.39
29/04/2020,2939.51
30/04/2020,2912.43
1/5/2020,2830.71
4/5/2020,2842.74
5/5/2020,2868.44
6/5/2020,2848.42
7/5/2020,2881.19
8/5/2020,2929.8
11/5/2020,2930.32
12/5/2020,2870.12
13/05/2020,2820
14/05/2020,2852.5
15/05/2020,2863.7
18/05/2020,2953.91
19/05/2020,2922.94
20/05/2020,2971.61
21/05/2020,2948.51
22/05/2020,2955.45
26/05/2020,2991.77
27/05/2020,3036.13
28/05/2020,3029.73
29/05/2020,3044.31
1/6/2020,3055.73
2/6/2020,3080.82
3/6/2020,3122.87
4/6/2020,3112.35
5/6/2020,3193.93
8/6/2020,3232.39
9/6/2020,3207.18
10/6/2020,3190.14
11/6/2020,3002.1
12/6/2020,3041.31
15/06/2020,3066.59
16/06/2020,3124.74
17/06/2020,3113.49
18/06/2020,3115.34
19/06/2020,3097.74
22/06/2020,3117.86
23/06/2020,3131.29
24/06/2020,3050.33
25/06/2020,3083.76
26/06/2020,3009.05
29/06/2020,3053.24
30/06/2020,3100.29
1/7/2020,3115.86
2/7/2020,3130.01
6/7/2020,3179.72
7/7/2020,3145.32
8/7/2020,3169.94
9/7/2020,3152.05
10/7/2020,3185.04
13/07/2020,3155.22
14/07/2020,3197.52
15/07/2020,3226.56
16/07/2020,3215.57
17/07/2020,3224.73
20/07/2020,3251.84
21/07/2020,3257.3
22/07/2020,3276.02
23/07/2020,3235.66
24/07/2020,3215.63
27/07/2020,3239.41
28/07/2020,3218.44
29/07/2020,3258.44
30/07/2020,3246.22
31/07/2020,3271.12
3/8/2020,3294.61
4/8/2020,3306.51
5/8/2020,3327.77
6/8/2020,3349.16
7/8/2020,3351.28
10/8/2020,3360.47
11/8/2020,3333.69
12/8/2020,3380.35
13/08/2020,3373.43
14/08/2020,3372.85
17/08/2020,3381.99
18/08/2020,3389.78
19/08/2020,3374.85
20/08/2020,3385.51
21/08/2020,3397.16
24/08/2020,3431.28
25/08/2020,3443.62
26/08/2020,3478.73
27/08/2020,3484.55
28/08/2020,3508.01
31/08/2020,3500.31
1/9/2020,3526.65
2/9/2020,3580.84
3/9/2020,3455.06
4/9/2020,3426.96
8/9/2020,3331.84
9/9/2020,3398.96
10/9/2020,3339.19
11/9/2020,3340.97
14/09/2020,3383.54
15/09/2020,3401.2
16/09/2020,3385.49
17/09/2020,3357.01
18/09/2020,3319.47
21/09/2020,3281.06
22/09/2020,3315.57
23/09/2020,3236.92
24/09/2020,3246.59
25/09/2020,3298.46
28/09/2020,3351.6
29/09/2020,3335.47
30/09/2020,3363
1/10/2020,3380.8
2/10/2020,3348.44
5/10/2020,3408.63
6/10/2020,3360.95
7/10/2020,3419.45
8/10/2020,3446.83
9/10/2020,3477.13
12/10/2020,3534.22
13/10/2020,3511.93
14/10/2020,3488.67
15/10/2020,3483.34
16/10/2020,3483.81
19/10/2020,3426.92
20/10/2020,3443.12
21/10/2020,3435.56
22/10/2020,3453.49
23/10/2020,3465.39
26/10/2020,3400.97
27/10/2020,3390.68
28/10/2020,3271.03
29/10/2020,3310.11
30/10/2020,3269.96
2/11/2020,3310.24
3/11/2020,3369.16
4/11/2020,3443.44
5/11/2020,3510.45
6/11/2020,3509.44
9/11/2020,3550.5
10/11/2020,3545.53
11/11/2020,3572.66
12/11/2020,3537.01
13/11/2020,3585.15
16/11/2020,3626.91
17/11/2020,3609.53
18/11/2020,3567.79
19/11/2020,3581.87
20/11/2020,3557.54
23/11/2020,3577.59
24/11/2020,3635.41
25/11/2020,3629.65
27/11/2020,3638.35
30/11/2020,3621.63
1/12/2020,3662.45
2/12/2020,3669.01
3/12/2020,3666.72
4/12/2020,3699.12
7/12/2020,3691.96
8/12/2020,3702.25
9/12/2020,3672.82
10/12/2020,3668.1
11/12/2020,3663.46
14/12/2020,3647.49
15/12/2020,3694.62
16/12/2020,3701.17
17/12/2020,3722.48
18/12/2020,3709.41
21/12/2020,3694.92
22/12/2020,3687.26
23/12/2020,3690.01
24/12/2020,3703.06
28/12/2020,3735.36
29/12/2020,3727.04
30/12/2020,3732.04
31/12/2020,3756.07
